F&D,บริษัท ฟู้ดแอนด์ดริ๊งส์ จำกัด (มหาชน),SET,/C13_FastQuote_Main.jsp?txtBrokerId=IPO&selectPage=1&txtSymbol=F%26D
FANCY,บริษัท แฟนซีวู๊ด อินดัสตรีส จำกัด (มหาชน),SET,/C13_FastQuote_Main.jsp?txtBrokerId=IPO&selectPage=1&txtSymbol=FANCY
FE,บริษัท ฟาร์อีสท์ ดีดีบี จำกัด (มหาชน),SET,/C13_FastQuote_Main.jsp?txtBrokerId=IPO&selectPage=1&txtSymbol=FE
FER,บริษัท เฟอร์รั่ม จำกัด (มหาชน),SET,/C13_FastQuote_Main.jsp?txtBrokerId=IPO&selectPage=1&txtSymbol=FER
FMT,บริษัท ฟูรูกาวา เม็ททัล (ไทยแลนด์) จำกัด (มหาชน),SET,/C13_FastQuote_Main.jsp?txtBrokerId=IPO&selectPage=1&txtSymbol=FMT
FN,บริษัท เอฟเอ็น แฟคตอรี่ เอ๊าท์เลท จำกัด (มหาชน),SET,/C13_FastQuote_Main.jsp?txtBrokerId=IPO&selectPage=1&txtSymbol=FN
FNS,บริษัท ฟินันซ่า จำกัด (มหาชน),SET,/C13_FastQuote_Main.jsp?txtBrokerId=IPO&selectPage=1&txtSymbol=FNS
FORTH,บริษัท ฟอร์ท คอร์ปอเรชั่น  จำกัด (มหาชน),SET,/C13_FastQuote_Main.jsp?txtBrokerId=IPO&selectPage=1&txtSymbol=FORTH
FSS,บริษัทหลักทรัพย์ ฟินันเซีย ไซรัส จำกัด (มหาชน),SET,/C13_FastQuote_Main.jsp?txtBrokerId=IPO&selectPage=1&txtSymbol=FSS
FTE,บริษัท ไฟร์เทรดเอ็นจิเนียริ่ง จำกัด (มหาชน),SET,/C13_FastQuote_Main.jsp?txtBrokerId=IPO&selectPage=1&txtSymbol=FTE
FUTUREPF,กองทุนรวมสิทธิการเช่าอสังหาริมทรัพย์ฟิวเจอร์พาร์ค,SET,/C13_FastQuote_Main.jsp?txtBrokerId=IPO&selectPage=1&txtSymbol=FUTUREPF
FC,บริษัท ฟู้ด แคปปิตอล จำกัด (มหาชน),MAI,/C13_FastQuote_Main.jsp?txtBrokerId=IPO&selectPage=1&txtSymbol=FC
FLOYD,บริษัท ฟลอยด์ จำกัด (มหาชน),MAI,/C13_FastQuote_Main.jsp?txtBrokerId=IPO&selectPage=1&txtSymbol=FLOYD
FOCUS,บริษัท โฟคัส ดีเวลลอปเม้นท์ แอนด์ คอนสตรัคชั่น จำกัด (มหาชน),MAI,/C13_FastQuote_Main.jsp?txtBrokerId=IPO&selectPage=1&txtSymbol=FOCUS
FPI,บริษัท ฟอร์จูน พาร์ท อินดัสตรี้ จำกัด (มหาชน),MAI,/C13_FastQuote_Main.jsp?txtBrokerId=IPO&selectPage=1&txtSymbol=FPI
FSMART,บริษัท ฟอร์ท สมาร์ท เซอร์วิส จำกัด (มหาชน),MAI,/C13_FastQuote_Main.jsp?txtBrokerId=IPO&selectPage=1&txtSymbol=FSMART
FVC,บริษัท ฟิลเตอร์ วิชั่น จำกัด (มหาชน),MAI,/C13_FastQuote_Main.jsp?txtBrokerId=IPO&selectPage=1&txtSymbol=FVC
DCC,บริษัท ไดนาสตี้เซรามิค จำกัด (มหาชน),SET,/C13_FastQuote_Main.jsp?txtBrokerId=IPO&selectPage=1&txtSymbol=DCC
DCON,บริษัท ดีคอนโปรดักส์ จำกัด (มหาชน),SET,/C13_FastQuote_Main.jsp?txtBrokerId=IPO&selectPage=1&txtSymbol=DCON
DDD,บริษัท ดู เดย์ ดรีม จำกัด (มหาชน),SET,/C13_FastQuote_Main.jsp?txtBrokerId=IPO&selectPage=1&txtSymbol=DDD
DELTA,บริษัทเดลต้า อีเลคโทรนิคส์ (ประเทศไทย) จำกัด (มหาชน),SET,/C13_FastQuote_Main.jsp?txtBrokerId=IPO&selectPage=1&txtSymbol=DELTA
DEMCO,บริษัท เด็มโก้ จำกัด (มหาชน),SET,/C13_FastQuote_Main.jsp?txtBrokerId=IPO&selectPage=1&txtSymbol=DEMCO
DIF,กองทุนรวมโครงสร้างพื้นฐานโทรคมนาคม ดิจิทัล,SET,/C13_FastQuote_Main.jsp?txtBrokerId=IPO&selectPage=1&txtSymbol=DIF
DIGI,บริษัท ดิจิตอลเทค แพลนเน็ต จำกัด (มหาชน),SET,/C13_FastQuote_Main.jsp?txtBrokerId=IPO&selectPage=1&txtSymbol=DIGI
DREIT,ทรัสต์เพื่อการลงทุนในอสังหาริมทรัพย์และสิทธิการเช่าดุสิตธานี,SET,/C13_FastQuote_Main.jsp?txtBrokerId=IPO&selectPage=1&txtSymbol=DREIT
DRT,บริษัท ผลิตภัณฑ์ตราเพชร จำกัด (มหาชน),SET,/C13_FastQuote_Main.jsp?txtBrokerId=IPO&selectPage=1&txtSymbol=DRT
DTAC,บริษัท โทเทิ่ล แอ็คเซ็ส คอมมูนิเคชั่น จำกัด (มหาชน),SET,/C13_FastQuote_Main.jsp?txtBrokerId=IPO&selectPage=1&txtSymbol=DTAC
DTC,บริษัท ดุสิตธานี จำกัด (มหาชน),SET,/C13_FastQuote_Main.jsp?txtBrokerId=IPO&selectPage=1&txtSymbol=DTC
DTCI,บริษัท ดี.ที.ซี.อินดัสตรี่ส์ จำกัด (มหาชน),SET,/C13_FastQuote_Main.jsp?txtBrokerId=IPO&selectPage=1&txtSymbol=DTCI
D,บริษัท เดนทัล คอร์ปอเรชั่น จำกัด (มหาชน),MAI,/C13_FastQuote_Main.jsp?txtBrokerId=IPO&selectPage=1&txtSymbol=D
DCORP,บริษัท ดีมีเตอร์ คอร์ปอเรชั่น จำกัด (มหาชน),MAI,/C13_FastQuote_Main.jsp?txtBrokerId=IPO&selectPage=1&txtSymbol=DCORP
DIMET,บริษัท ไดเมท (สยาม) จำกัด (มหาชน),MAI,/C13_FastQuote_Main.jsp?txtBrokerId=IPO&selectPage=1&txtSymbol=DIMET
DNA,บริษัท ดีเอ็นเอ 2002 จำกัด (มหาชน),MAI,/C13_FastQuote_Main.jsp?txtBrokerId=IPO&selectPage=1&txtSymbol=DNA
2S,บริษัท 2 เอส เมทัล จำกัด (มหาชน),MAI,/C13_FastQuote_Main.jsp?txtBrokerId=IPO&selectPage=1&txtSymbol=2S
EA,บริษัท พลังงานบริสุทธิ์ จำกัด (มหาชน),SET,/C13_FastQuote_Main.jsp?txtBrokerId=IPO&selectPage=1&txtSymbol=EA
EARTH,บริษัท เอ็นเนอร์ยี่ เอิร์ธ จำกัด (มหาชน),SET,/C13_FastQuote_Main.jsp?txtBrokerId=IPO&selectPage=1&txtSymbol=EARTH
EASON,บริษัท อีซึ่น เพ้นท์ จำกัด (มหาชน),SET,/C13_FastQuote_Main.jsp?txtBrokerId=IPO&selectPage=1&txtSymbol=EASON
EASTW,บริษัท จัดการและพัฒนาทรัพยากรน้ำภาคตะวันออก จำกัด (มหาชน),SET,/C13_FastQuote_Main.jsp?txtBrokerId=IPO&selectPage=1&txtSymbol=EASTW
ECL,บริษัท ตะวันออกพาณิชย์ลีสซิ่ง จำกัด (มหาชน),SET,/C13_FastQuote_Main.jsp?txtBrokerId=IPO&selectPage=1&txtSymbol=ECL
EE,บริษัท อีเทอเนิล เอนเนอยี จำกัด (มหาชน),SET,/C13_FastQuote_Main.jsp?txtBrokerId=IPO&selectPage=1&txtSymbol=EE
EGATIF,กองทุนรวมโครงสร้างพื้นฐาน โรงไฟฟ้าพระนครเหนือ ชุดที่ 1 การไฟฟ้าฝ่ายผลิตแห่งประเทศไทย,SET,/C13_FastQuote_Main.jsp?txtBrokerId=IPO&selectPage=1&txtSymbol=EGATIF
EGCO,บริษัท ผลิตไฟฟ้า จำกัด (มหาชน),SET,/C13_FastQuote_Main.jsp?txtBrokerId=IPO&selectPage=1&txtSymbol=EGCO
EIC,บริษัท อุตสาหกรรม อีเล็คโทรนิคส์ จำกัด (มหาชน),SET,/C13_FastQuote_Main.jsp?txtBrokerId=IPO&selectPage=1&txtSymbol=EIC
EKH,บริษัท เอกชัยการแพทย์ จำกัด (มหาชน),SET,/C13_FastQuote_Main.jsp?txtBrokerId=IPO&selectPage=1&txtSymbol=EKH
EMC,บริษัท อีเอ็มซี จำกัด (มหาชน),SET,/C13_FastQuote_Main.jsp?txtBrokerId=IPO&selectPage=1&txtSymbol=EMC
EPCO,บริษัท โรงพิมพ์ตะวันออก จำกัด (มหาชน),SET,/C13_FastQuote_Main.jsp?txtBrokerId=IPO&selectPage=1&txtSymbol=EPCO
EPG,บริษัท อีสเทิร์นโพลีเมอร์ กรุ๊ป จำกัด (มหาชน),SET,/C13_FastQuote_Main.jsp?txtBrokerId=IPO&selectPage=1&txtSymbol=EPG
ERW,บริษัท ดิ เอราวัณ กรุ๊ป จำกัด (มหาชน),SET,/C13_FastQuote_Main.jsp?txtBrokerId=IPO&selectPage=1&txtSymbol=ERW
ERWPF,กองทุนรวมอสังหาริมทรัพย์เอราวัณ โฮเทล โกรท,SET,/C13_FastQuote_Main.jsp?txtBrokerId=IPO&selectPage=1&txtSymbol=ERWPF
ESSO,บริษัท เอสโซ่ (ประเทศไทย) จำกัด (มหาชน),SET,/C13_FastQuote_Main.jsp?txtBrokerId=IPO&selectPage=1&txtSymbol=ESSO
ESTAR,บริษัท อีสเทอร์น สตาร์ เรียล เอสเตท จำกัด (มหาชน),SET,/C13_FastQuote_Main.jsp?txtBrokerId=IPO&selectPage=1&txtSymbol=ESTAR
EVER,บริษัท เอเวอร์แลนด์ จำกัด (มหาชน),SET,/C13_FastQuote_Main.jsp?txtBrokerId=IPO&selectPage=1&txtSymbol=EVER
ECF,บริษัท อีสต์โคสท์เฟอร์นิเทค จำกัด (มหาชน),MAI,/C13_FastQuote_Main.jsp?txtBrokerId=IPO&selectPage=1&txtSymbol=ECF
EFORL,บริษัท อี ฟอร์ แอล เอม จำกัด (มหาชน),MAI,/C13_FastQuote_Main.jsp?txtBrokerId=IPO&selectPage=1&txtSymbol=EFORL
ETE,บริษัท บูรพา เทคนิคอล เอ็นจิเนียริ่ง จำกัด (มหาชน),MAI,/C13_FastQuote_Main.jsp?txtBrokerId=IPO&selectPage=1&txtSymbol=ETE
CBG,บริษัท คาราบาวกรุ๊ป จำกัด (มหาชน),SET,/C13_FastQuote_Main.jsp?txtBrokerId=IPO&selectPage=1&txtSymbol=CBG
CCET,บริษัท แคล-คอมพ์ อีเล็คโทรนิคส์ (ประเทศไทย) จำกัด (มหาชน),SET,/C13_FastQuote_Main.jsp?txtBrokerId=IPO&selectPage=1&txtSymbol=CCET
CCP,บริษัท ผลิตภัณฑ์คอนกรีตชลบุรี จำกัด (มหาชน),SET,/C13_FastQuote_Main.jsp?txtBrokerId=IPO&selectPage=1&txtSymbol=CCP
CEN,บริษัท แคปปิทอล เอ็นจิเนียริ่ง เน็ตเวิร์ค จำกัด (มหาชน),SET,/C13_FastQuote_Main.jsp?txtBrokerId=IPO&selectPage=1&txtSymbol=CEN
CENTEL,บริษัท โรงแรมเซ็นทรัลพลาซา จำกัด (มหาชน),SET,/C13_FastQuote_Main.jsp?txtBrokerId=IPO&selectPage=1&txtSymbol=CENTEL
CFRESH,บริษัท ซีเฟรชอินดัสตรี จำกัด (มหาชน),SET,/C13_FastQuote_Main.jsp?txtBrokerId=IPO&selectPage=1&txtSymbol=CFRESH
CGD,บริษัท คันทรี่ กรุ๊ป ดีเวลลอปเมนท์ จำกัด (มหาชน),SET,/C13_FastQuote_Main.jsp?txtBrokerId=IPO&selectPage=1&txtSymbol=CGD
CGH,บริษัท คันทรี่ กรุ๊ป โฮลดิ้งส์ จำกัด (มหาชน),SET,/C13_FastQuote_Main.jsp?txtBrokerId=IPO&selectPage=1&txtSymbol=CGH
CHARAN,บริษัท จรัญประกันภัย จำกัด (มหาชน),SET,/C13_FastQuote_Main.jsp?txtBrokerId=IPO&selectPage=1&txtSymbol=CHARAN
CHG,บริษัท โรงพยาบาลจุฬารัตน์ จำกัด (มหาชน),SET,/C13_FastQuote_Main.jsp?txtBrokerId=IPO&selectPage=1&txtSymbol=CHG
CHOTI,บริษัท ห้องเย็นโชติวัฒน์หาดใหญ่ จำกัด (มหาชน),SET,/C13_FastQuote_Main.jsp?txtBrokerId=IPO&selectPage=1&txtSymbol=CHOTI
CI,บริษัท ชาญอิสสระ ดีเวล็อปเมนท์ จำกัด (มหาชน),SET,/C13_FastQuote_Main.jsp?txtBrokerId=IPO&selectPage=1&txtSymbol=CI
CIMBT,ธนาคาร ซีไอเอ็มบี ไทย จำกัด (มหาชน),SET,/C13_FastQuote_Main.jsp?txtBrokerId=IPO&selectPage=1&txtSymbol=CIMBT
CITY,บริษัท ซิตี้ สตีล จำกัด (มหาชน),SET,/C13_FastQuote_Main.jsp?txtBrokerId=IPO&selectPage=1&txtSymbol=CITY
CK,บริษัท ช.การช่าง จำกัด (มหาชน),SET,/C13_FastQuote_Main.jsp?txtBrokerId=IPO&selectPage=1&txtSymbol=CK
CKP,บริษัท ซีเค พาวเวอร์ จำกัด (มหาชน),SET,/C13_FastQuote_Main.jsp?txtBrokerId=IPO&selectPage=1&txtSymbol=CKP
CM,บริษัท เชียงใหม่โฟรเซ่นฟู้ดส์ จำกัด(มหาชน),SET,/C13_FastQuote_Main.jsp?txtBrokerId=IPO&selectPage=1&txtSymbol=CM
CMR,บริษัท เชียงใหม่รามธุรกิจการแพทย์ จำกัด (มหาชน),SET,/C13_FastQuote_Main.jsp?txtBrokerId=IPO&selectPage=1&txtSymbol=CMR
CNS,บริษัทหลักทรัพย์ โนมูระ พัฒนสิน จำกัด (มหาชน),SET,/C13_FastQuote_Main.jsp?txtBrokerId=IPO&selectPage=1&txtSymbol=CNS
CNT,บริษัท คริสเตียนีและนีลเส็น (ไทย) จำกัด (มหาชน),SET,/C13_FastQuote_Main.jsp?txtBrokerId=IPO&selectPage=1&txtSymbol=CNT
COL,บริษัท ซีโอแอล จำกัด (มหาชน),SET,/C13_FastQuote_Main.jsp?txtBrokerId=IPO&selectPage=1&txtSymbol=COL
COM7,บริษัท คอมเซเว่น จำกัด (มหาชน),SET,/C13_FastQuote_Main.jsp?txtBrokerId=IPO&selectPage=1&txtSymbol=COM7
CPALL,บริษัท ซีพี ออลล์ จำกัด (มหาชน),SET,/C13_FastQuote_Main.jsp?txtBrokerId=IPO&selectPage=1&txtSymbol=CPALL
CPF,บริษัท เจริญโภคภัณฑ์อาหาร จำกัด (มหาชน),SET,/C13_FastQuote_Main.jsp?txtBrokerId=IPO&selectPage=1&txtSymbol=CPF
CPH,บริษัท คาสเซ่อร์พีคโฮลดิ้งส์ จำกัด (มหาชน),SET,/C13_FastQuote_Main.jsp?txtBrokerId=IPO&selectPage=1&txtSymbol=CPH
CPI,บริษัท ชุมพรอุตสาหกรรมน้ำมันปาล์ม จำกัด (มหาชน),SET,/C13_FastQuote_Main.jsp?txtBrokerId=IPO&selectPage=1&txtSymbol=CPI
CPL,บริษัท ซีพีแอล กรุ๊ป จำกัด (มหาชน),SET,/C13_FastQuote_Main.jsp?txtBrokerId=IPO&selectPage=1&txtSymbol=CPL
CPN,บริษัท เซ็นทรัลพัฒนา จำกัด (มหาชน),SET,/C13_FastQuote_Main.jsp?txtBrokerId=IPO&selectPage=1&txtSymbol=CPN
CPNCG,กองทุนรวมสิทธิการเช่าอสังหาริมทรัพย์ CPN คอมเมอร์เชียล โกรท,SET,/C13_FastQuote_Main.jsp?txtBrokerId=IPO&selectPage=1&txtSymbol=CPNCG
CPNREIT,ทรัสต์เพื่อการลงทุนในสิทธิการเช่าอสังหาริมทรัพย์ CPN รีเทล โกรท,SET,/C13_FastQuote_Main.jsp?txtBrokerId=IPO&selectPage=1&txtSymbol=CPNREIT
CPT,บริษัท ซีพีที ไดร์ แอนด์ เพาเวอร์ จำกัด (มหาชน),SET,/C13_FastQuote_Main.jsp?txtBrokerId=IPO&selectPage=1&txtSymbol=CPT
CPTGF,กองทุนรวมสิทธิการเช่าอสังหาริมทรัพย์ ซี.พี.ทาวเวอร์ โกรท,SET,/C13_FastQuote_Main.jsp?txtBrokerId=IPO&selectPage=1&txtSymbol=CPTGF
CRANE,บริษัท ชูไก จำกัด (มหาชน),SET,/C13_FastQuote_Main.jsp?txtBrokerId=IPO&selectPage=1&txtSymbol=CRANE
CRYSTAL,กองทุนรวมสิทธิการเช่าอสังหาริมทรัพย์คริสตัล รีเทล โกรท,SET,/C13_FastQuote_Main.jsp?txtBrokerId=IPO&selectPage=1&txtSymbol=CRYSTAL
CSC,บริษัท ฝาจีบ จำกัด (มหาชน),SET,/C13_FastQuote_Main.jsp?txtBrokerId=IPO&selectPage=1&txtSymbol=CSC
CSL,บริษัท ซีเอส ล็อกซอินโฟ จำกัด (มหาชน),SET,/C13_FastQuote_Main.jsp?txtBrokerId=IPO&selectPage=1&txtSymbol=CSL
CSP,บริษัท ซีเอสพี สตีลเซ็นเตอร์ จำกัด (มหาชน),SET,/C13_FastQuote_Main.jsp?txtBrokerId=IPO&selectPage=1&txtSymbol=CSP
CSR,บริษัท เทพธานีกรีฑา จำกัด (มหาชน),SET,/C13_FastQuote_Main.jsp?txtBrokerId=IPO&selectPage=1&txtSymbol=CSR
CSS,บริษัท คอมมิวนิเคชั่น แอนด์ ซิสเต็มส์ โซลูชั่น จำกัด (มหาชน),SET,/C13_FastQuote_Main.jsp?txtBrokerId=IPO&selectPage=1&txtSymbol=CSS
CTARAF,กองทุนรวมสิทธิการเช่าอสังหาริมทรัพย์โรงแรมและรีสอร์ทในเครือฯ,SET,/C13_FastQuote_Main.jsp?txtBrokerId=IPO&selectPage=1&txtSymbol=CTARAF
CTW,บริษัท จรุงไทยไวร์แอนด์เคเบิ้ล จำกัด (มหาชน),SET,/C13_FastQuote_Main.jsp?txtBrokerId=IPO&selectPage=1&txtSymbol=CTW
CWT,บริษัท ชัยวัฒนา แทนเนอรี่ กรุ๊ป จำกัด (มหาชน),SET,/C13_FastQuote_Main.jsp?txtBrokerId=IPO&selectPage=1&txtSymbol=CWT
CHEWA,บริษัท ชีวาทัย จำกัด (มหาชน),MAI,/C13_FastQuote_Main.jsp?txtBrokerId=IPO&selectPage=1&txtSymbol=CHEWA
CHO,บริษัท ช ทวี จำกัด (มหาชน),MAI,/C13_FastQuote_Main.jsp?txtBrokerId=IPO&selectPage=1&txtSymbol=CHO
CHOW,บริษัท เชาว์ สตีล อินดัสทรี้ จำกัด (มหาชน),MAI,/C13_FastQuote_Main.jsp?txtBrokerId=IPO&selectPage=1&txtSymbol=CHOW
CIG,บริษัท ซี.ไอ.กรุ๊ป จำกัด (มหาชน),MAI,/C13_FastQuote_Main.jsp?txtBrokerId=IPO&selectPage=1&txtSymbol=CIG
CMO,บริษัท ซีเอ็มโอ จำกัด (มหาชน),MAI,/C13_FastQuote_Main.jsp?txtBrokerId=IPO&selectPage=1&txtSymbol=CMO
COLOR,บริษัท สาลี่ คัลเล่อร์ จำกัด (มหาชน),MAI,/C13_FastQuote_Main.jsp?txtBrokerId=IPO&selectPage=1&txtSymbol=COLOR
COMAN,บริษัท โคแมนชี่ อินเตอร์เนชั่นแนล จำกัด (มหาชน),MAI,/C13_FastQuote_Main.jsp?txtBrokerId=IPO&selectPage=1&txtSymbol=COMAN
CPR,บริษัท ซีพีอาร์ โกมุ อินดัสเตรียล จำกัด (มหาชน),MAI,/C13_FastQuote_Main.jsp?txtBrokerId=IPO&selectPage=1&txtSymbol=CPR
CRD,บริษัท เชียงใหม่ริมดอย จำกัด (มหาชน),MAI,/C13_FastQuote_Main.jsp?txtBrokerId=IPO&selectPage=1&txtSymbol=CRD
A,บริษัท อารียา พรอพเพอร์ตี้ จำกัด (มหาชน),SET,/C13_FastQuote_Main.jsp?txtBrokerId=IPO&selectPage=1&txtSymbol=A
AAV,บริษัท เอเชีย เอวิเอชั่น จำกัด (มหาชน),SET,/C13_FastQuote_Main.jsp?txtBrokerId=IPO&selectPage=1&txtSymbol=AAV
ABPIF,กองทุนรวมโครงสร้างพื้นฐานโรงไฟฟ้า อมตะ บี.กริม เพาเวอร์,SET,/C13_FastQuote_Main.jsp?txtBrokerId=IPO&selectPage=1&txtSymbol=ABPIF
ACC,บริษัท แอดวานซ์ คอนเนคชั่น คอร์ปอเรชั่น จำกัด (มหาชน),SET,/C13_FastQuote_Main.jsp?txtBrokerId=IPO&selectPage=1&txtSymbol=ACC
ADVANC,บริษัท แอดวานซ์ อินโฟร์ เซอร์วิส จำกัด (มหาชน),SET,/C13_FastQuote_Main.jsp?txtBrokerId=IPO&selectPage=1&txtSymbol=ADVANC
AEC,บริษัทหลักทรัพย์ เออีซี จำกัด (มหาชน),SET,/C13_FastQuote_Main.jsp?txtBrokerId=IPO&selectPage=1&txtSymbol=AEC
AEONTS,บริษัท อิออน ธนสินทรัพย์ (ไทยแลนด์) จำกัด (มหาชน),SET,/C13_FastQuote_Main.jsp?txtBrokerId=IPO&selectPage=1&txtSymbol=AEONTS
AFC,บริษัท เอเซียไฟเบอร์ จำกัด (มหาชน),SET,/C13_FastQuote_Main.jsp?txtBrokerId=IPO&selectPage=1&txtSymbol=AFC
AH,บริษัท อาปิโก ไฮเทค จำกัด (มหาชน),SET,/C13_FastQuote_Main.jsp?txtBrokerId=IPO&selectPage=1&txtSymbol=AH
AHC,บริษัท โรงพยาบาลเอกชล จำกัด (มหาชน),SET,/C13_FastQuote_Main.jsp?txtBrokerId=IPO&selectPage=1&txtSymbol=AHC
AIT,บริษัท แอ็ดวานซ์ อินฟอร์เมชั่น เทคโนโลยี จำกัด (มหาชน),SET,/C13_FastQuote_Main.jsp?txtBrokerId=IPO&selectPage=1&txtSymbol=AIT
AJ,บริษัท เอ.เจ.พลาสท์ จำกัด (มหาชน),SET,/C13_FastQuote_Main.jsp?txtBrokerId=IPO&selectPage=1&txtSymbol=AJ
AJA,บริษัท เอเจ แอดวานซ์ เทคโนโลยี จำกัด (มหาชน),SET,/C13_FastQuote_Main.jsp?txtBrokerId=IPO&selectPage=1&txtSymbol=AJA
AKR,บริษัท เอกรัฐวิศวกรรม จำกัด (มหาชน),SET,/C13_FastQuote_Main.jsp?txtBrokerId=IPO&selectPage=1&txtSymbol=AKR
ALLA,บริษัท ออลล่า จำกัด (มหาชน),SET,/C13_FastQuote_Main.jsp?txtBrokerId=IPO&selectPage=1&txtSymbol=ALLA
ALT,บริษัท เอแอลที เทเลคอม จำกัด (มหาชน),SET,/C13_FastQuote_Main.jsp?txtBrokerId=IPO&selectPage=1&txtSymbol=ALT
ALUCON,บริษัท อลูคอน จำกัด (มหาชน),SET,/C13_FastQuote_Main.jsp?txtBrokerId=IPO&selectPage=1&txtSymbol=ALUCON
AMANAH,บริษัท อะมานะฮ์ ลิสซิ่ง จำกัด (มหาชน),SET,/C13_FastQuote_Main.jsp?txtBrokerId=IPO&selectPage=1&txtSymbol=AMANAH
AMARIN,บริษัท อมรินทร์พริ้นติ้ง แอนด์ พับลิชชิ่ง จำกัด (มหาชน),SET,/C13_FastQuote_Main.jsp?txtBrokerId=IPO&selectPage=1&txtSymbol=AMARIN
AMATA,บริษัท อมตะ คอร์ปอเรชัน จำกัด (มหาชน),SET,/C13_FastQuote_Main.jsp?txtBrokerId=IPO&selectPage=1&txtSymbol=AMATA
AMATAR,ทรัสต์เพื่อการลงทุนในอสังหาริมทรัพย์และสิทธิการเช่าอมตะซัมมิทโกรท,SET,/C13_FastQuote_Main.jsp?txtBrokerId=IPO&selectPage=1&txtSymbol=AMATAR
AMATAV,บริษัท อมตะ วีเอ็น จำกัด (มหาชน),SET,/C13_FastQuote_Main.jsp?txtBrokerId=IPO&selectPage=1&txtSymbol=AMATAV
AMC,บริษัท เอเซีย เมทัล จำกัด (มหาชน),SET,/C13_FastQuote_Main.jsp?txtBrokerId=IPO&selectPage=1&txtSymbol=AMC
ANAN,บริษัท อนันดา ดีเวลลอปเม้นท์ จำกัด (มหาชน),SET,/C13_FastQuote_Main.jsp?txtBrokerId=IPO&selectPage=1&txtSymbol=ANAN
AOT,บริษัท ท่าอากาศยานไทย จำกัด (มหาชน),SET,/C13_FastQuote_Main.jsp?txtBrokerId=IPO&selectPage=1&txtSymbol=AOT
AP,บริษัท เอพี (ไทยแลนด์) จำกัด (มหาชน),SET,/C13_FastQuote_Main.jsp?txtBrokerId=IPO&selectPage=1&txtSymbol=AP
APCS,บริษัท เอเซีย พรีซิชั่น จำกัด (มหาชน),SET,/C13_FastQuote_Main.jsp?txtBrokerId=IPO&selectPage=1&txtSymbol=APCS
APEX,บริษัท เอเพ็กซ์ ดีเวลลอปเม้นท์ จำกัด (มหาชน),SET,/C13_FastQuote_Main.jsp?txtBrokerId=IPO&selectPage=1&txtSymbol=APEX
APURE,บริษัท อกริเพียว โฮลดิ้งส์ จำกัด (มหาชน),SET,/C13_FastQuote_Main.jsp?txtBrokerId=IPO&selectPage=1&txtSymbol=APURE
AQ,บริษัท เอคิว เอสเตท จำกัด (มหาชน),SET,/C13_FastQuote_Main.jsp?txtBrokerId=IPO&selectPage=1&txtSymbol=AQ
AQUA,บริษัท อควา คอร์เปอเรชั่น จำกัด (มหาชน),SET,/C13_FastQuote_Main.jsp?txtBrokerId=IPO&selectPage=1&txtSymbol=AQUA
AS,บริษัท เอเชียซอฟท์ คอร์ปอเรชั่น จำกัด (มหาชน),SET,/C13_FastQuote_Main.jsp?txtBrokerId=IPO&selectPage=1&txtSymbol=AS
ASAP,บริษัท ซินเนอร์เจติค ออโต้ เพอร์ฟอร์มานซ์ จำกัด (มหาชน),SET,/C13_FastQuote_Main.jsp?txtBrokerId=IPO&selectPage=1&txtSymbol=ASAP
ASEFA,บริษัท อาซีฟา จำกัด (มหาชน),SET,/C13_FastQuote_Main.jsp?txtBrokerId=IPO&selectPage=1&txtSymbol=ASEFA
ASIA,บริษัท เอเชียโฮเต็ล จำกัด (มหาชน),SET,/C13_FastQuote_Main.jsp?txtBrokerId=IPO&selectPage=1&txtSymbol=ASIA
ASIAN,บริษัท ห้องเย็นเอเชี่ยน ซีฟู้ด จำกัด (มหาชน),SET,/C13_FastQuote_Main.jsp?txtBrokerId=IPO&selectPage=1&txtSymbol=ASIAN
ASIMAR,บริษัท เอเชียน มารีน เซอร์วิสส์ จำกัด (มหาชน),SET,/C13_FastQuote_Main.jsp?txtBrokerId=IPO&selectPage=1&txtSymbol=ASIMAR
ASK,บริษัท เอเซียเสริมกิจลีสซิ่ง จำกัด (มหาชน),SET,/C13_FastQuote_Main.jsp?txtBrokerId=IPO&selectPage=1&txtSymbol=ASK
ASP,บริษัท เอเซีย พลัส กรุ๊ป โฮลดิ้งส์ จำกัด (มหาชน),SET,/C13_FastQuote_Main.jsp?txtBrokerId=IPO&selectPage=1&txtSymbol=ASP
AYUD,บริษัท ศรีอยุธยา แคปปิตอล จำกัด (มหาชน),SET,/C13_FastQuote_Main.jsp?txtBrokerId=IPO&selectPage=1&txtSymbol=AYUD
ABICO,บริษัท เอบิโก้ โฮลดิ้งส์ จำกัด (มหาชน),MAI,/C13_FastQuote_Main.jsp?txtBrokerId=IPO&selectPage=1&txtSymbol=ABICO
ACAP,บริษัท เอเชีย แคปปิตอล กรุ๊ป จำกัด (มหาชน),MAI,/C13_FastQuote_Main.jsp?txtBrokerId=IPO&selectPage=1&txtSymbol=ACAP
ADB,บริษัท แอ็พพลาย ดีบี จำกัด (มหาชน),MAI,/C13_FastQuote_Main.jsp?txtBrokerId=IPO&selectPage=1&txtSymbol=ADB
AF,บริษัท ไอร่า แฟคตอริ่ง จำกัด (มหาชน),MAI,/C13_FastQuote_Main.jsp?txtBrokerId=IPO&selectPage=1&txtSymbol=AF
AGE,บริษัท เอเชีย กรีน เอนเนอจี จำกัด (มหาชน),MAI,/C13_FastQuote_Main.jsp?txtBrokerId=IPO&selectPage=1&txtSymbol=AGE
AIRA,บริษัท ไอร่า แคปปิตอล จำกัด (มหาชน),MAI,/C13_FastQuote_Main.jsp?txtBrokerId=IPO&selectPage=1&txtSymbol=AIRA
AKP,บริษัท อัคคีปราการ จำกัด (มหาชน),MAI,/C13_FastQuote_Main.jsp?txtBrokerId=IPO&selectPage=1&txtSymbol=AKP
AMA,บริษัท อาม่า มารีน จำกัด (มหาชน),MAI,/C13_FastQuote_Main.jsp?txtBrokerId=IPO&selectPage=1&txtSymbol=AMA
APCO,บริษัท เอเชียน ไฟย์โตซูติคอลส์ จำกัด (มหาชน),MAI,/C13_FastQuote_Main.jsp?txtBrokerId=IPO&selectPage=1&txtSymbol=APCO
ARIP,บริษัท เออาร์ไอพี จำกัด (มหาชน),MAI,/C13_FastQuote_Main.jsp?txtBrokerId=IPO&selectPage=1&txtSymbol=ARIP
ARROW,บริษัท แอร์โรว์ ซินดิเคท จำกัด (มหาชน),MAI,/C13_FastQuote_Main.jsp?txtBrokerId=IPO&selectPage=1&txtSymbol=ARROW
ASN,บริษัท เอเอสเอ็น โบรกเกอร์ จำกัด (มหาชน),MAI,/C13_FastQuote_Main.jsp?txtBrokerId=IPO&selectPage=1&txtSymbol=ASN
ATP30,บริษัท เอทีพี 30 จำกัด (มหาชน),MAI,/C13_FastQuote_Main.jsp?txtBrokerId=IPO&selectPage=1&txtSymbol=ATP30
AU,บริษัท อาฟเตอร์ ยู จำกัด (มหาชน),MAI,/C13_FastQuote_Main.jsp?txtBrokerId=IPO&selectPage=1&txtSymbol=AU
AUCT,บริษัท สหการประมูล จำกัด (มหาชน),MAI,/C13_FastQuote_Main.jsp?txtBrokerId=IPO&selectPage=1&txtSymbol=AUCT
GAHREIT,ทรัสต์เพื่อการลงทุนในอสังหาริมทรัพย์ แกรนด์ โฮสพีทาลิตี้,SET,/C13_FastQuote_Main.jsp?txtBrokerId=IPO&selectPage=1&txtSymbol=GAHREIT
GBX,บริษัท โกลเบล็ก โฮลดิ้ง แมนเนจเม้นท์ จำกัด (มหาชน),SET,/C13_FastQuote_Main.jsp?txtBrokerId=IPO&selectPage=1&txtSymbol=GBX
GC,บริษัท โกลบอล คอนเน็คชั่นส์ จำกัด (มหาชน),SET,/C13_FastQuote_Main.jsp?txtBrokerId=IPO&selectPage=1&txtSymbol=GC
GEL,บริษัท เจนเนอรัล เอนจิเนียริ่ง จำกัด (มหาชน),SET,/C13_FastQuote_Main.jsp?txtBrokerId=IPO&selectPage=1&txtSymbol=GEL
GENCO,บริษัทบริหารและพัฒนาเพื่อการอนุรักษ์สิ่งแวดล้อม จำกัด(มหาชน),SET,/C13_FastQuote_Main.jsp?txtBrokerId=IPO&selectPage=1&txtSymbol=GENCO
GFPT,บริษัท จีเอฟพีที จำกัด (มหาชน),SET,/C13_FastQuote_Main.jsp?txtBrokerId=IPO&selectPage=1&txtSymbol=GFPT
GGC,บริษัท โกลบอลกรีนเคมิคอล จำกัด (มหาชน),SET,/C13_FastQuote_Main.jsp?txtBrokerId=IPO&selectPage=1&txtSymbol=GGC
GIFT,บริษัท แกรททิทูด อินฟินิท จำกัด (มหาชน),SET,/C13_FastQuote_Main.jsp?txtBrokerId=IPO&selectPage=1&txtSymbol=GIFT
GJS,บริษัท จี เจ สตีล จำกัด (มหาชน),SET,/C13_FastQuote_Main.jsp?txtBrokerId=IPO&selectPage=1&txtSymbol=GJS
GL,บริษัท กรุ๊ปลีส จำกัด (มหาชน),SET,/C13_FastQuote_Main.jsp?txtBrokerId=IPO&selectPage=1&txtSymbol=GL
GLAND,บริษัท แกรนด์ คาแนล แลนด์ จำกัด (มหาชน),SET,/C13_FastQuote_Main.jsp?txtBrokerId=IPO&selectPage=1&txtSymbol=GLAND
GLANDRT,ทรัสต์เพื่อการลงทุนในสิทธิการเช่าอสังหาริมทรัพย์ อาคารสำนักงาน จีแลนด์,SET,/C13_FastQuote_Main.jsp?txtBrokerId=IPO&selectPage=1&txtSymbol=GLANDRT
GLOBAL,บริษัท สยามโกลบอลเฮ้าส์ จำกัด (มหาชน),SET,/C13_FastQuote_Main.jsp?txtBrokerId=IPO&selectPage=1&txtSymbol=GLOBAL
GLOW,บริษัท โกลว์ พลังงาน จำกัด (มหาชน),SET,/C13_FastQuote_Main.jsp?txtBrokerId=IPO&selectPage=1&txtSymbol=GLOW
GOLD,บริษัท แผ่นดินทอง พร็อพเพอร์ตี้ ดีเวลลอปเม้นท์ จำกัด (มหาชน),SET,/C13_FastQuote_Main.jsp?txtBrokerId=IPO&selectPage=1&txtSymbol=GOLD
GOLDPF,กองทุนรวมสิทธิการเช่าอสังหาริมทรัพย์โกลด์,SET,/C13_FastQuote_Main.jsp?txtBrokerId=IPO&selectPage=1&txtSymbol=GOLDPF
GPI,บริษัท กรังด์ปรีซ์ อินเตอร์เนชั่นแนล จำกัด (มหาชน),SET,/C13_FastQuote_Main.jsp?txtBrokerId=IPO&selectPage=1&txtSymbol=GPI
GPSC,บริษัท โกลบอล เพาเวอร์ ซินเนอร์ยี่ จำกัด (มหาชน),SET,/C13_FastQuote_Main.jsp?txtBrokerId=IPO&selectPage=1&txtSymbol=GPSC
GRAMMY,บริษัท จีเอ็มเอ็ม แกรมมี่ จำกัด (มหาชน),SET,/C13_FastQuote_Main.jsp?txtBrokerId=IPO&selectPage=1&txtSymbol=GRAMMY
GRAND,บริษัท แกรนด์ แอสเสท โฮเทลส์ แอนด์ พรอพเพอร์ตี้ จำกัด(มหาชน),SET,/C13_FastQuote_Main.jsp?txtBrokerId=IPO&selectPage=1&txtSymbol=GRAND
GREEN,บริษัท กรีน รีซอร์สเซส จำกัด (มหาชน),SET,/C13_FastQuote_Main.jsp?txtBrokerId=IPO&selectPage=1&txtSymbol=GREEN
GSTEL,บริษัท จี สตีล จำกัด (มหาชน),SET,/C13_FastQuote_Main.jsp?txtBrokerId=IPO&selectPage=1&txtSymbol=GSTEL
GULF,บริษัท กัลฟ์ เอ็นเนอร์จี ดีเวลลอปเมนท์ จำกัด (มหาชน),SET,/C13_FastQuote_Main.jsp?txtBrokerId=IPO&selectPage=1&txtSymbol=GULF
GUNKUL,บริษัท กันกุลเอ็นจิเนียริ่ง จำกัด (มหาชน),SET,/C13_FastQuote_Main.jsp?txtBrokerId=IPO&selectPage=1&txtSymbol=GUNKUL
GVREIT,ทรัสต์เพื่อการลงทุนในสิทธิการเช่าอสังหาริมทรัพย์โกลเด้นเวนเจอร์,SET,/C13_FastQuote_Main.jsp?txtBrokerId=IPO&selectPage=1&txtSymbol=GVREIT
GYT,บริษัท กู๊ดเยียร์(ประเทศไทย) จำกัด (มหาชน),SET,/C13_FastQuote_Main.jsp?txtBrokerId=IPO&selectPage=1&txtSymbol=GYT
GCAP,บริษัท จี แคปปิตอล จำกัด (มหาชน),MAI,/C13_FastQuote_Main.jsp?txtBrokerId=IPO&selectPage=1&txtSymbol=GCAP
GTB,บริษัท เจตาแบค จำกัด (มหาชน),MAI,/C13_FastQuote_Main.jsp?txtBrokerId=IPO&selectPage=1&txtSymbol=GTB
BA,บริษัท การบินกรุงเทพ จำกัด (มหาชน),SET,/C13_FastQuote_Main.jsp?txtBrokerId=IPO&selectPage=1&txtSymbol=BA
BAFS,บริษัท บริการเชื้อเพลิงการบินกรุงเทพ จำกัด (มหาชน),SET,/C13_FastQuote_Main.jsp?txtBrokerId=IPO&selectPage=1&txtSymbol=BAFS
BANPU,บริษัท บ้านปู จำกัด (มหาชน),SET,/C13_FastQuote_Main.jsp?txtBrokerId=IPO&selectPage=1&txtSymbol=BANPU
BAT-3K,บริษัท ไทยสโตเรจ แบตเตอรี่ จำกัด (มหาชน),SET,/C13_FastQuote_Main.jsp?txtBrokerId=IPO&selectPage=1&txtSymbol=BAT-3K
BAY,ธนาคารกรุงศรีอยุธยา จำกัด (มหาชน),SET,/C13_FastQuote_Main.jsp?txtBrokerId=IPO&selectPage=1&txtSymbol=BAY
BBL,ธนาคารกรุงเทพ จำกัด (มหาชน),SET,/C13_FastQuote_Main.jsp?txtBrokerId=IPO&selectPage=1&txtSymbol=BBL
BCH,บริษัท บางกอก เชน ฮอสปิทอล จำกัด (มหาชน),SET,/C13_FastQuote_Main.jsp?txtBrokerId=IPO&selectPage=1&txtSymbol=BCH
BCP,บริษัท บางจาก คอร์ปอเรชั่น จำกัด (มหาชน),SET,/C13_FastQuote_Main.jsp?txtBrokerId=IPO&selectPage=1&txtSymbol=BCP
BCPG,บริษัท บีซีพีจี จำกัด (มหาชน),SET,/C13_FastQuote_Main.jsp?txtBrokerId=IPO&selectPage=1&txtSymbol=BCPG
BDMS,บริษัท กรุงเทพดุสิตเวชการ จำกัด(มหาชน),SET,/C13_FastQuote_Main.jsp?txtBrokerId=IPO&selectPage=1&txtSymbol=BDMS
BEAUTY,บริษัท บิวตี้ คอมมูนิตี้ จำกัด (มหาชน),SET,/C13_FastQuote_Main.jsp?txtBrokerId=IPO&selectPage=1&txtSymbol=BEAUTY
BEC,บริษัท บีอีซี เวิลด์ จำกัด (มหาชน),SET,/C13_FastQuote_Main.jsp?txtBrokerId=IPO&selectPage=1&txtSymbol=BEC
BEM,บริษัท ทางด่วนและรถไฟฟ้ากรุงเทพ จำกัด (มหาชน),SET,/C13_FastQuote_Main.jsp?txtBrokerId=IPO&selectPage=1&txtSymbol=BEM
BFIT,บริษัทเงินทุน ศรีสวัสดิ์ จำกัด (มหาชน),SET,/C13_FastQuote_Main.jsp?txtBrokerId=IPO&selectPage=1&txtSymbol=BFIT
BGRIM,บริษัท บี.กริม เพาเวอร์ จำกัด (มหาชน),SET,/C13_FastQuote_Main.jsp?txtBrokerId=IPO&selectPage=1&txtSymbol=BGRIM
BH,บริษัท โรงพยาบาลบำรุงราษฎร์ จำกัด (มหาชน),SET,/C13_FastQuote_Main.jsp?txtBrokerId=IPO&selectPage=1&txtSymbol=BH
BIG,บริษัท บิ๊ก คาเมร่า คอร์ปอเรชั่น จำกัด (มหาชน),SET,/C13_FastQuote_Main.jsp?txtBrokerId=IPO&selectPage=1&txtSymbol=BIG
BJC,บริษัท เบอร์ลี่ ยุคเกอร์ จำกัด (มหาชน),SET,/C13_FastQuote_Main.jsp?txtBrokerId=IPO&selectPage=1&txtSymbol=BJC
BJCHI,บริษัท บีเจซี เฮฟวี่ อินดัสทรี จำกัด (มหาชน),SET,/C13_FastQuote_Main.jsp?txtBrokerId=IPO&selectPage=1&txtSymbol=BJCHI
BKI,บริษัท กรุงเทพประกันภัย จำกัด (มหาชน),SET,/C13_FastQuote_Main.jsp?txtBrokerId=IPO&selectPage=1&txtSymbol=BKI
BKKCP,กองทุนรวมอสังหาริมทรัพย์บางกอก,SET,/C13_FastQuote_Main.jsp?txtBrokerId=IPO&selectPage=1&txtSymbol=BKKCP
BLA,บริษัท กรุงเทพประกันชีวิต จำกัด (มหาชน),SET,/C13_FastQuote_Main.jsp?txtBrokerId=IPO&selectPage=1&txtSymbol=BLA
BLAND,บริษัท บางกอกแลนด์ จำกัด (มหาชน),SET,/C13_FastQuote_Main.jsp?txtBrokerId=IPO&selectPage=1&txtSymbol=BLAND
BPP,บริษัท บ้านปู เพาเวอร์ จำกัด (มหาชน),SET,/C13_FastQuote_Main.jsp?txtBrokerId=IPO&selectPage=1&txtSymbol=BPP
BR,บริษัท บางกอกแร้นช์ จำกัด (มหาชน),SET,/C13_FastQuote_Main.jsp?txtBrokerId=IPO&selectPage=1&txtSymbol=BR
BROCK,บริษัท บ้านร็อคการ์เด้น จำกัด (มหาชน),SET,/C13_FastQuote_Main.jsp?txtBrokerId=IPO&selectPage=1&txtSymbol=BROCK
BRR,บริษัท น้ำตาลบุรีรัมย์ จำกัด (มหาชน),SET,/C13_FastQuote_Main.jsp?txtBrokerId=IPO&selectPage=1&txtSymbol=BRR
BRRGIF,กองทุนรวมโครงสร้างพื้นฐานโรงไฟฟ้ากลุ่มน้ำตาลบุรีรัมย์,SET,/C13_FastQuote_Main.jsp?txtBrokerId=IPO&selectPage=1&txtSymbol=BRRGIF
BSBM,บริษัท บางสะพานบาร์มิล จำกัด (มหาชน),SET,/C13_FastQuote_Main.jsp?txtBrokerId=IPO&selectPage=1&txtSymbol=BSBM
BTC,บริษัท บางปะกง เทอร์มินอล จำกัด (มหาชน),SET,/C13_FastQuote_Main.jsp?txtBrokerId=IPO&selectPage=1&txtSymbol=BTC
BTNC,บริษัท บูติคนิวซิตี้ จำกัด (มหาชน),SET,/C13_FastQuote_Main.jsp?txtBrokerId=IPO&selectPage=1&txtSymbol=BTNC
BTS,บริษัท บีทีเอส กรุ๊ป โฮลดิ้งส์ จำกัด (มหาชน),SET,/C13_FastQuote_Main.jsp?txtBrokerId=IPO&selectPage=1&txtSymbol=BTS
BTSGIF,กองทุนรวมโครงสร้างพื้นฐานระบบขนส่งมวลชนทางราง บีทีเอสโกรท,SET,/C13_FastQuote_Main.jsp?txtBrokerId=IPO&selectPage=1&txtSymbol=BTSGIF
BWG,บริษัท เบตเตอร์ เวิลด์ กรีน จำกัด (มหาชน),SET,/C13_FastQuote_Main.jsp?txtBrokerId=IPO&selectPage=1&txtSymbol=BWG
BGT,บริษัท บีจีที คอร์ปอเรชั่น จำกัด (มหาชน),MAI,/C13_FastQuote_Main.jsp?txtBrokerId=IPO&selectPage=1&txtSymbol=BGT
BIZ,บริษัท บิสซิเนสอะไลเม้นท์ จำกัด (มหาชน),MAI,/C13_FastQuote_Main.jsp?txtBrokerId=IPO&selectPage=1&txtSymbol=BIZ
BKD,บริษัท บางกอก เดค-คอน จำกัด (มหาชน),MAI,/C13_FastQuote_Main.jsp?txtBrokerId=IPO&selectPage=1&txtSymbol=BKD
BM,บริษัท บางกอกชีทเม็ททัล จำกัด (มหาชน),MAI,/C13_FastQuote_Main.jsp?txtBrokerId=IPO&selectPage=1&txtSymbol=BM
BOL,บริษัท บิซิเนส ออนไลน์ จำกัด (มหาชน),MAI,/C13_FastQuote_Main.jsp?txtBrokerId=IPO&selectPage=1&txtSymbol=BOL
BROOK,บริษัท บรุ๊คเคอร์ กรุ๊ป จำกัด (มหาชน),MAI,/C13_FastQuote_Main.jsp?txtBrokerId=IPO&selectPage=1&txtSymbol=BROOK
BSM,บริษัท บิวเดอสมาร์ท จำกัด (มหาชน),MAI,/C13_FastQuote_Main.jsp?txtBrokerId=IPO&selectPage=1&txtSymbol=BSM
BTW,บริษัท บีที เวลธ์ อินดัสตรีส์ จำกัด (มหาชน),MAI,/C13_FastQuote_Main.jsp?txtBrokerId=IPO&selectPage=1&txtSymbol=BTW
L&E,บริษัท ไลท์ติ้ง แอนด์ อีควิปเมนท์ จำกัด (มหาชน),SET,/C13_FastQuote_Main.jsp?txtBrokerId=IPO&selectPage=1&txtSymbol=L%26E
LALIN,บริษัท ลลิล พร็อพเพอร์ตี้ จำกัด (มหาชน),SET,/C13_FastQuote_Main.jsp?txtBrokerId=IPO&selectPage=1&txtSymbol=LALIN
LANNA,บริษัท ลานนารีซอร์สเซส จำกัด (มหาชน),SET,/C13_FastQuote_Main.jsp?txtBrokerId=IPO&selectPage=1&txtSymbol=LANNA
LEE,บริษัท ลีพัฒนาผลิตภัณฑ์ จำกัด (มหาชน),SET,/C13_FastQuote_Main.jsp?txtBrokerId=IPO&selectPage=1&txtSymbol=LEE
LH,บริษัทแลนด์แอนด์เฮ้าส์ จำกัด (มหาชน),SET,/C13_FastQuote_Main.jsp?txtBrokerId=IPO&selectPage=1&txtSymbol=LH
LHBANK,บริษัท แอล เอช ไฟแนนซ์เชียล กรุ๊ป จำกัด (มหาชน),SET,/C13_FastQuote_Main.jsp?txtBrokerId=IPO&selectPage=1&txtSymbol=LHBANK
LHHOTEL,ทรัสต์เพื่อการลงทุนในสิทธิการเช่าอสังหาริมทรัพย์ แอล เอช โฮเทล,SET,/C13_FastQuote_Main.jsp?txtBrokerId=IPO&selectPage=1&txtSymbol=LHHOTEL
LHK,บริษัท โลหะกิจ เม็ททอล จำกัด (มหาชน),SET,/C13_FastQuote_Main.jsp?txtBrokerId=IPO&selectPage=1&txtSymbol=LHK
LHPF,กองทุนรวมอสังหาริมทรัพย์และสิทธิการเช่า แลนด์ แอนด์ เฮ้าส์,SET,/C13_FastQuote_Main.jsp?txtBrokerId=IPO&selectPage=1&txtSymbol=LHPF
LHSC,ทรัสต์เพื่อการลงทุนในสิทธิการเช่าอสังหาริมทรัพย์ แอล เอช ช้อปปิ้ง เซ็นเตอร์,SET,/C13_FastQuote_Main.jsp?txtBrokerId=IPO&selectPage=1&txtSymbol=LHSC
LOXLEY,บริษัท ล็อกซเล่ย์ จำกัด (มหาชน),SET,/C13_FastQuote_Main.jsp?txtBrokerId=IPO&selectPage=1&txtSymbol=LOXLEY
LPH,บริษัท โรงพยาบาล ลาดพร้าว จำกัด (มหาชน),SET,/C13_FastQuote_Main.jsp?txtBrokerId=IPO&selectPage=1&txtSymbol=LPH
LPN,บริษัท แอล.พี.เอ็น.ดีเวลลอปเมนท์ จำกัด (มหาชน),SET,/C13_FastQuote_Main.jsp?txtBrokerId=IPO&selectPage=1&txtSymbol=LPN
LRH,บริษัท ลากูน่า รีสอร์ท แอนด์ โฮเท็ล จำกัด (มหาชน),SET,/C13_FastQuote_Main.jsp?txtBrokerId=IPO&selectPage=1&txtSymbol=LRH
LST,บริษัท ล่ำสูง (ประเทศไทย) จำกัด (มหาชน),SET,/C13_FastQuote_Main.jsp?txtBrokerId=IPO&selectPage=1&txtSymbol=LST
LTX,บริษัท ลัคกี้เท็คซ์ (ไทย) จำกัด (มหาชน),SET,/C13_FastQuote_Main.jsp?txtBrokerId=IPO&selectPage=1&txtSymbol=LTX
LUXF,กองทุนรวมอสังหาริมทรัพย์ลักซ์ชัวรี่,SET,/C13_FastQuote_Main.jsp?txtBrokerId=IPO&selectPage=1&txtSymbol=LUXF
LDC,บริษัท แอลดีซี เด็นทัล จำกัด (มหาชน),MAI,/C13_FastQuote_Main.jsp?txtBrokerId=IPO&selectPage=1&txtSymbol=LDC
LIT,บริษัท ลีซ อิท จำกัด (มหาชน),MAI,/C13_FastQuote_Main.jsp?txtBrokerId=IPO&selectPage=1&txtSymbol=LIT
M,บริษัท เอ็มเค เรสโตรองต์ กรุ๊ป จำกัด (มหาชน),SET,/C13_FastQuote_Main.jsp?txtBrokerId=IPO&selectPage=1&txtSymbol=M
M-CHAI,บริษัท โรงพยาบาลมหาชัย จำกัด (มหาชน),SET,/C13_FastQuote_Main.jsp?txtBrokerId=IPO&selectPage=1&txtSymbol=M-CHAI
M-II,กองทุนรวมอสังหาริมทรัพย์ และสิทธิการเช่า เอ็มเอฟซี อินดัสเตรียล อินเวสเมนท์,SET,/C13_FastQuote_Main.jsp?txtBrokerId=IPO&selectPage=1&txtSymbol=M-II
M-PAT,กองทุนรวมอสังหาริมทรัพย์เอ็มเอฟซี ป่าตอง เฮอริเทจ,SET,/C13_FastQuote_Main.jsp?txtBrokerId=IPO&selectPage=1&txtSymbol=M-PAT
M-STOR,กองทุนรวมอสังหาริมทรัพย์เอ็มเอฟซี-สแตรทิจิกสโตเรจฟันด์,SET,/C13_FastQuote_Main.jsp?txtBrokerId=IPO&selectPage=1&txtSymbol=M-STOR
MACO,บริษัท มาสเตอร์ แอด จำกัด (มหาชน),SET,/C13_FastQuote_Main.jsp?txtBrokerId=IPO&selectPage=1&txtSymbol=MACO
MAJOR,บริษัท เมเจอร์ ซีนีเพล็กซ์ กรุ้ป จำกัด (มหาชน),SET,/C13_FastQuote_Main.jsp?txtBrokerId=IPO&selectPage=1&txtSymbol=MAJOR
MAKRO,บริษัท สยามแม็คโคร จำกัด (มหาชน),SET,/C13_FastQuote_Main.jsp?txtBrokerId=IPO&selectPage=1&txtSymbol=MAKRO
MALEE,บริษัท มาลีกรุ๊ป จำกัด (มหาชน),SET,/C13_FastQuote_Main.jsp?txtBrokerId=IPO&selectPage=1&txtSymbol=MALEE
MANRIN,บริษัท แมนดารินโฮเต็ล จำกัด (มหาชน),SET,/C13_FastQuote_Main.jsp?txtBrokerId=IPO&selectPage=1&txtSymbol=MANRIN
MATCH,บริษัท แม็ทชิ่ง แม็กซิไมซ์ โซลูชั่น จำกัด (มหาชน),SET,/C13_FastQuote_Main.jsp?txtBrokerId=IPO&selectPage=1&txtSymbol=MATCH
MATI,บริษัท มติชน จำกัด (มหาชน),SET,/C13_FastQuote_Main.jsp?txtBrokerId=IPO&selectPage=1&txtSymbol=MATI
MAX,บริษัท แมกซ์ เมทัล คอร์ปอเรชั่น จำกัด (มหาชน),SET,/C13_FastQuote_Main.jsp?txtBrokerId=IPO&selectPage=1&txtSymbol=MAX
MBK,บริษัท เอ็ม บี เค จำกัด (มหาชน),SET,/C13_FastQuote_Main.jsp?txtBrokerId=IPO&selectPage=1&txtSymbol=MBK
MBKET,บริษัทหลักทรัพย์ เมย์แบงก์ กิมเอ็ง (ประเทศไทย) จำกัด (มหาชน),SET,/C13_FastQuote_Main.jsp?txtBrokerId=IPO&selectPage=1&txtSymbol=MBKET
MC,บริษัท แม็คกรุ๊ป จำกัด (มหาชน),SET,/C13_FastQuote_Main.jsp?txtBrokerId=IPO&selectPage=1&txtSymbol=MC
MCOT,บริษัท อสมท จำกัด (มหาชน),SET,/C13_FastQuote_Main.jsp?txtBrokerId=IPO&selectPage=1&txtSymbol=MCOT
MCS,บริษัท เอ็ม.ซี.เอส.สตีล จำกัด (มหาชน),SET,/C13_FastQuote_Main.jsp?txtBrokerId=IPO&selectPage=1&txtSymbol=MCS
MDX,บริษัท เอ็ม ดี เอ็กซ์ จำกัด (มหาชน),SET,/C13_FastQuote_Main.jsp?txtBrokerId=IPO&selectPage=1&txtSymbol=MDX
MEGA,บริษัท เมก้า ไลฟ์ไซแอ็นซ์ จำกัด (มหาชน),SET,/C13_FastQuote_Main.jsp?txtBrokerId=IPO&selectPage=1&txtSymbol=MEGA
METCO,บริษัทมูราโมโต้ อีเล็คตรอน (ประเทศไทย) จำกัด (มหาชน),SET,/C13_FastQuote_Main.jsp?txtBrokerId=IPO&selectPage=1&txtSymbol=METCO
MFC,บริษัทหลักทรัพย์จัดการกองทุน เอ็มเอฟซี จำกัด(มหาชน),SET,/C13_FastQuote_Main.jsp?txtBrokerId=IPO&selectPage=1&txtSymbol=MFC
MFEC,บริษัท เอ็ม เอฟ อี ซี จำกัด (มหาชน),SET,/C13_FastQuote_Main.jsp?txtBrokerId=IPO&selectPage=1&txtSymbol=MFEC
MIDA,บริษัท ไมด้า แอสเซ็ท จำกัด (มหาชน),SET,/C13_FastQuote_Main.jsp?txtBrokerId=IPO&selectPage=1&txtSymbol=MIDA
MILL,บริษัท มิลล์คอน สตีล จำกัด (มหาชน),SET,/C13_FastQuote_Main.jsp?txtBrokerId=IPO&selectPage=1&txtSymbol=MILL
MINT,บริษัท ไมเนอร์ อินเตอร์เนชั่นแนล จำกัด (มหาชน),SET,/C13_FastQuote_Main.jsp?txtBrokerId=IPO&selectPage=1&txtSymbol=MINT
MIPF,กองทุนรวมอสังหาริมทรัพย์มิลเลียนแนร์,SET,/C13_FastQuote_Main.jsp?txtBrokerId=IPO&selectPage=1&txtSymbol=MIPF
MIT,ทรัสต์เพื่อการลงทุนในอสังหาริมทรัพย์เอ็มเอฟซีอินดัสเตรียล,SET,/C13_FastQuote_Main.jsp?txtBrokerId=IPO&selectPage=1&txtSymbol=MIT
MJD,บริษัท เมเจอร์ ดีเวลลอปเม้นท์ จำกัด (มหาชน),SET,/C13_FastQuote_Main.jsp?txtBrokerId=IPO&selectPage=1&txtSymbol=MJD
MJLF,กองทุนรวมสิทธิการเช่าอสังหาฯ เมเจอร์ ซีนีเพล็กซ์ ไลฟ์สไตส์,SET,/C13_FastQuote_Main.jsp?txtBrokerId=IPO&selectPage=1&txtSymbol=MJLF
MK,บริษัท มั่นคงเคหะการ จำกัด (มหาชน),SET,/C13_FastQuote_Main.jsp?txtBrokerId=IPO&selectPage=1&txtSymbol=MK
ML,บริษัท ไมด้า ลิสซิ่ง จำกัด (มหาชน),SET,/C13_FastQuote_Main.jsp?txtBrokerId=IPO&selectPage=1&txtSymbol=ML
MNIT,กองทุนรวมอสังหาริมทรัพย์เอ็มเอฟซี-นิชดาธานี,SET,/C13_FastQuote_Main.jsp?txtBrokerId=IPO&selectPage=1&txtSymbol=MNIT
MNIT2,กองทุนรวมอสังหาริมทรัพย์นิชดาธานี 2,SET,/C13_FastQuote_Main.jsp?txtBrokerId=IPO&selectPage=1&txtSymbol=MNIT2
MNRF,กองทุนรวมอสังหาริมทรัพย์มัลติเนชั่นแนลเรสซิเดนซ์ฟันด์,SET,/C13_FastQuote_Main.jsp?txtBrokerId=IPO&selectPage=1&txtSymbol=MNRF
MODERN,บริษัท โมเดอร์นฟอร์มกรุ๊ป จำกัด (มหาชน),SET,/C13_FastQuote_Main.jsp?txtBrokerId=IPO&selectPage=1&txtSymbol=MODERN
MONO,บริษัท โมโน เทคโนโลยี จำกัด (มหาชน),SET,/C13_FastQuote_Main.jsp?txtBrokerId=IPO&selectPage=1&txtSymbol=MONO
MONTRI,กองทุนรวมอสังหาริมทรัพย์แบบมีกรรมสิทธิ์ 101 มนตรี สโตร์เรจ,SET,/C13_FastQuote_Main.jsp?txtBrokerId=IPO&selectPage=1&txtSymbol=MONTRI
MPIC,บริษัท เอ็ม พิคเจอร์ส เอ็นเตอร์เทนเม้นท์ จำกัด (มหาชน),SET,/C13_FastQuote_Main.jsp?txtBrokerId=IPO&selectPage=1&txtSymbol=MPIC
MSC,บริษัท เมโทรซิสเต็มส์คอร์ปอเรชั่น จำกัด (มหาชน),SET,/C13_FastQuote_Main.jsp?txtBrokerId=IPO&selectPage=1&txtSymbol=MSC
MTI,บริษัท เมืองไทยประกันภัย จำกัด (มหาชน),SET,/C13_FastQuote_Main.jsp?txtBrokerId=IPO&selectPage=1&txtSymbol=MTI
MTLS,บริษัท เมืองไทย ลิสซิ่ง จำกัด (มหาชน),SET,/C13_FastQuote_Main.jsp?txtBrokerId=IPO&selectPage=1&txtSymbol=MTLS
MBAX,บริษัท มัลติแบกซ์ จำกัด (มหาชน),MAI,/C13_FastQuote_Main.jsp?txtBrokerId=IPO&selectPage=1&txtSymbol=MBAX
MGT,บริษัท เมกาเคม (ประเทศไทย) จำกัด (มหาชน),MAI,/C13_FastQuote_Main.jsp?txtBrokerId=IPO&selectPage=1&txtSymbol=MGT
MM,บริษัท มัดแมน จำกัด (มหาชน),MAI,/C13_FastQuote_Main.jsp?txtBrokerId=IPO&selectPage=1&txtSymbol=MM
MOONG,บริษัท มุ่งพัฒนา อินเตอร์แนชชั่นแนล จำกัด (มหาชน),MAI,/C13_FastQuote_Main.jsp?txtBrokerId=IPO&selectPage=1&txtSymbol=MOONG
MPG,บริษัท เอ็มพีจี คอร์ปอเรชั่น จำกัด (มหาชน),MAI,/C13_FastQuote_Main.jsp?txtBrokerId=IPO&selectPage=1&txtSymbol=MPG
HANA,บริษัท ฮานา ไมโครอิเล็คโทรนิคส จำกัด (มหาชน),SET,/C13_FastQuote_Main.jsp?txtBrokerId=IPO&selectPage=1&txtSymbol=HANA
HFT,บริษัท ฮั้วฟง รับเบอร์ (ไทยแลนด์) จำกัด (มหาชน),SET,/C13_FastQuote_Main.jsp?txtBrokerId=IPO&selectPage=1&txtSymbol=HFT
HMPRO,บริษัท โฮม โปรดักส์ เซ็นเตอร์ จำกัด (มหาชน),SET,/C13_FastQuote_Main.jsp?txtBrokerId=IPO&selectPage=1&txtSymbol=HMPRO
HPF,กองทุนรวมอสังหาริมทรัพย์และสิทธิการเช่าเหมราชอินดัสเตรียล,SET,/C13_FastQuote_Main.jsp?txtBrokerId=IPO&selectPage=1&txtSymbol=HPF
HREIT,ทรัสต์เพื่อการลงทุนในสิทธิการเช่าอสังหาริมทรัพย์เหมราช,SET,/C13_FastQuote_Main.jsp?txtBrokerId=IPO&selectPage=1&txtSymbol=HREIT
HTC,บริษัท หาดทิพย์ จำกัด (มหาชน),SET,/C13_FastQuote_Main.jsp?txtBrokerId=IPO&selectPage=1&txtSymbol=HTC
HTECH,บริษัท แฮลเซี่ยน เทคโนโลยี่ จำกัด (มหาชน),SET,/C13_FastQuote_Main.jsp?txtBrokerId=IPO&selectPage=1&txtSymbol=HTECH
HUMAN,บริษัท ฮิวแมนิก้า จำกัด (มหาชน),SET,/C13_FastQuote_Main.jsp?txtBrokerId=IPO&selectPage=1&txtSymbol=HUMAN
HARN,บริษัท หาญ เอ็นจิเนียริ่ง โซลูชั่นส์ จำกัด (มหาชน),MAI,/C13_FastQuote_Main.jsp?txtBrokerId=IPO&selectPage=1&txtSymbol=HARN
HOTPOT,บริษัท ฮอท พอท จำกัด (มหาชน),MAI,/C13_FastQuote_Main.jsp?txtBrokerId=IPO&selectPage=1&txtSymbol=HOTPOT
HPT,บริษัท โฮม พอตเทอรี่ จำกัด (มหาชน),MAI,/C13_FastQuote_Main.jsp?txtBrokerId=IPO&selectPage=1&txtSymbol=HPT
HYDRO,บริษัท ไฮโดรเท็ค จำกัด (มหาชน),MAI,/C13_FastQuote_Main.jsp?txtBrokerId=IPO&selectPage=1&txtSymbol=HYDRO
KAMART,บริษัท คาร์มาร์ท จำกัด (มหาชน),SET,/C13_FastQuote_Main.jsp?txtBrokerId=IPO&selectPage=1&txtSymbol=KAMART
KBANK,ธนาคารกสิกรไทย จำกัด (มหาชน),SET,/C13_FastQuote_Main.jsp?txtBrokerId=IPO&selectPage=1&txtSymbol=KBANK
KBS,บริษัท น้ำตาลครบุรี จำกัด (มหาชน),SET,/C13_FastQuote_Main.jsp?txtBrokerId=IPO&selectPage=1&txtSymbol=KBS
KC,บริษัท เค.ซี. พร็อพเพอร์ตี้ จำกัด (มหาชน),SET,/C13_FastQuote_Main.jsp?txtBrokerId=IPO&selectPage=1&txtSymbol=KC
KCAR,บริษัท กรุงไทยคาร์เร้นท์ แอนด์ ลีส จำกัด (มหาชน),SET,/C13_FastQuote_Main.jsp?txtBrokerId=IPO&selectPage=1&txtSymbol=KCAR
KCE,บริษัท เคซีอี อีเลคโทรนิคส์ จำกัด (มหาชน),SET,/C13_FastQuote_Main.jsp?txtBrokerId=IPO&selectPage=1&txtSymbol=KCE
KDH,บริษัท ธนบุรี เมดิเคิล เซ็นเตอร์ จำกัด (มหาชน),SET,/C13_FastQuote_Main.jsp?txtBrokerId=IPO&selectPage=1&txtSymbol=KDH
KGI,บริษัทหลักทรัพย์ เคจีไอ (ประเทศไทย) จำกัด (มหาชน),SET,/C13_FastQuote_Main.jsp?txtBrokerId=IPO&selectPage=1&txtSymbol=KGI
KKC,บริษัท กุลธรเคอร์บี้ จำกัด (มหาชน),SET,/C13_FastQuote_Main.jsp?txtBrokerId=IPO&selectPage=1&txtSymbol=KKC
KKP,ธนาคารเกียรตินาคิน จำกัด (มหาชน),SET,/C13_FastQuote_Main.jsp?txtBrokerId=IPO&selectPage=1&txtSymbol=KKP
KPNPF,กองทุนรวมอสังหาริมทรัพย์เคพีเอ็น,SET,/C13_FastQuote_Main.jsp?txtBrokerId=IPO&selectPage=1&txtSymbol=KPNPF
KSL,บริษัท น้ำตาลขอนแก่น จำกัด (มหาชน),SET,/C13_FastQuote_Main.jsp?txtBrokerId=IPO&selectPage=1&txtSymbol=KSL
KTB,ธนาคารกรุงไทย จำกัด (มหาชน),SET,/C13_FastQuote_Main.jsp?txtBrokerId=IPO&selectPage=1&txtSymbol=KTB
KTC,บริษัท บัตรกรุงไทย จำกัด (มหาชน),SET,/C13_FastQuote_Main.jsp?txtBrokerId=IPO&selectPage=1&txtSymbol=KTC
KTIS,บริษัท เกษตรไทย อินเตอร์เนชั่นแนล ชูการ์ คอร์ปอเรชั่น จำกัด (มหาชน),SET,/C13_FastQuote_Main.jsp?txtBrokerId=IPO&selectPage=1&txtSymbol=KTIS
KWC,บริษัท กรุงเทพโสภณ จำกัด (มหาชน),SET,/C13_FastQuote_Main.jsp?txtBrokerId=IPO&selectPage=1&txtSymbol=KWC
KWG,บริษัท คิง ไว กรุ๊ป (ประเทศไทย) จำกัด (มหาชน),SET,/C13_FastQuote_Main.jsp?txtBrokerId=IPO&selectPage=1&txtSymbol=KWG
KYE,บริษัท กันยงอีเลคทริก จำกัด (มหาชน),SET,/C13_FastQuote_Main.jsp?txtBrokerId=IPO&selectPage=1&txtSymbol=KYE
K,บริษัท คิงส์เมน ซี.เอ็ม.ที.ไอ. จำกัด (มหาชน),MAI,/C13_FastQuote_Main.jsp?txtBrokerId=IPO&selectPage=1&txtSymbol=K
KASET,บริษัท ไทยฮา จำกัด (มหาชน),MAI,/C13_FastQuote_Main.jsp?txtBrokerId=IPO&selectPage=1&txtSymbol=KASET
KCM,บริษัท เค.ซี.เมททอลชีท จำกัด (มหาชน),MAI,/C13_FastQuote_Main.jsp?txtBrokerId=IPO&selectPage=1&txtSymbol=KCM
KIAT,บริษัท เกียรติธนา ขนส่ง จำกัด (มหาชน),MAI,/C13_FastQuote_Main.jsp?txtBrokerId=IPO&selectPage=1&txtSymbol=KIAT
KOOL,บริษัท มาสเตอร์คูล อินเตอร์เนชั่นแนล จำกัด (มหาชน),MAI,/C13_FastQuote_Main.jsp?txtBrokerId=IPO&selectPage=1&txtSymbol=KOOL
ICC,บริษัท ไอ.ซี.ซี. อินเตอร์เนชั่นแนล จำกัด (มหาชน),SET,/C13_FastQuote_Main.jsp?txtBrokerId=IPO&selectPage=1&txtSymbol=ICC
ICHI,บริษัท อิชิตัน กรุ๊ป จำกัด (มหาชน),SET,/C13_FastQuote_Main.jsp?txtBrokerId=IPO&selectPage=1&txtSymbol=ICHI
IFEC,บริษัท อินเตอร์ ฟาร์อีสท์ เอ็นเนอร์ยี่ คอร์ปอเรชั่น จำกัด (มหาชน),SET,/C13_FastQuote_Main.jsp?txtBrokerId=IPO&selectPage=1&txtSymbol=IFEC
IFS,บริษัท ไอเอฟเอส แคปปิตอล (ประเทศไทย) จำกัด (มหาชน),SET,/C13_FastQuote_Main.jsp?txtBrokerId=IPO&selectPage=1&txtSymbol=IFS
IHL,บริษัท อินเตอร์ไฮด์ จำกัด (มหาชน),SET,/C13_FastQuote_Main.jsp?txtBrokerId=IPO&selectPage=1&txtSymbol=IHL
III,บริษัท ทริพเพิล ไอ โลจิสติกส์ จำกัด (มหาชน),SET,/C13_FastQuote_Main.jsp?txtBrokerId=IPO&selectPage=1&txtSymbol=III
ILINK,บริษัท อินเตอร์ลิ้งค์ คอมมิวนิเคชั่น จำกัด (มหาชน),SET,/C13_FastQuote_Main.jsp?txtBrokerId=IPO&selectPage=1&txtSymbol=ILINK
IMPACT,ทรัสต์เพื่อการลงทุนในอสังหาริมทรัพย์อิมแพ็คโกรท,SET,/C13_FastQuote_Main.jsp?txtBrokerId=IPO&selectPage=1&txtSymbol=IMPACT
INET,บริษัท อินเทอร์เน็ตประเทศไทย จำกัด (มหาชน),SET,/C13_FastQuote_Main.jsp?txtBrokerId=IPO&selectPage=1&txtSymbol=INET
INGRS,บริษัท อิงเกรส อินดัสเตรียล (ไทยแลนด์) จำกัด (มหาชน),SET,/C13_FastQuote_Main.jsp?txtBrokerId=IPO&selectPage=1&txtSymbol=INGRS
INOX,บริษัท โพสโค-ไทยน๊อคซ์ จำกัด (มหาชน),SET,/C13_FastQuote_Main.jsp?txtBrokerId=IPO&selectPage=1&txtSymbol=INOX
INSURE,บริษัท อินทรประกันภัย จำกัด (มหาชน),SET,/C13_FastQuote_Main.jsp?txtBrokerId=IPO&selectPage=1&txtSymbol=INSURE
INTUCH,บริษัท อินทัช โฮลดิ้งส์ จำกัด (มหาชน),SET,/C13_FastQuote_Main.jsp?txtBrokerId=IPO&selectPage=1&txtSymbol=INTUCH
IRC,บริษัท อีโนเว รับเบอร์ (ประเทศไทย) จำกัด (มหาชน),SET,/C13_FastQuote_Main.jsp?txtBrokerId=IPO&selectPage=1&txtSymbol=IRC
IRPC,บริษัท ไออาร์พีซี จำกัด (มหาชน),SET,/C13_FastQuote_Main.jsp?txtBrokerId=IPO&selectPage=1&txtSymbol=IRPC
IT,บริษัท ไอที ซิตี้ จำกัด (มหาชน),SET,/C13_FastQuote_Main.jsp?txtBrokerId=IPO&selectPage=1&txtSymbol=IT
ITD,บริษัท อิตาเลียนไทย ดีเวล๊อปเมนต์ จำกัด (มหาชน),SET,/C13_FastQuote_Main.jsp?txtBrokerId=IPO&selectPage=1&txtSymbol=ITD
IVL,บริษัท อินโดรามา เวนเจอร์ส จำกัด (มหาชน),SET,/C13_FastQuote_Main.jsp?txtBrokerId=IPO&selectPage=1&txtSymbol=IVL
ICN,บริษัท อินฟอร์เมชั่น แอนด์ คอมมิวนิเคชั่น เน็ทเวิร์คส จำกัด (มหาชน),MAI,/C13_FastQuote_Main.jsp?txtBrokerId=IPO&selectPage=1&txtSymbol=ICN
IRCP,บริษัท อินเตอร์เนชั่นแนล รีเสริช คอร์ปอเรชั่น จำกัด (มหาชน),MAI,/C13_FastQuote_Main.jsp?txtBrokerId=IPO&selectPage=1&txtSymbol=IRCP
ITEL,บริษัท อินเตอร์ลิ้งค์ เทเลคอม จำกัด (มหาชน),MAI,/C13_FastQuote_Main.jsp?txtBrokerId=IPO&selectPage=1&txtSymbol=ITEL
NC,บริษัท นิวซิตี้ (กรุงเทพฯ) จำกัด (มหาชน),SET,/C13_FastQuote_Main.jsp?txtBrokerId=IPO&selectPage=1&txtSymbol=NC
NCH,บริษัท เอ็น. ซี. เฮ้าส์ซิ่ง จำกัด (มหาชน),SET,/C13_FastQuote_Main.jsp?txtBrokerId=IPO&selectPage=1&txtSymbol=NCH
NEP,บริษัท เอ็นอีพี อสังหาริมทรัพย์ และอุตสาหกรรม จำกัด (มหาชน),SET,/C13_FastQuote_Main.jsp?txtBrokerId=IPO&selectPage=1&txtSymbol=NEP
NEW,บริษัท วัฒนาการแพทย์ จำกัด (มหาชน),SET,/C13_FastQuote_Main.jsp?txtBrokerId=IPO&selectPage=1&txtSymbol=NEW
NKI,บริษัท นวกิจประกันภัย จำกัด (มหาชน),SET,/C13_FastQuote_Main.jsp?txtBrokerId=IPO&selectPage=1&txtSymbol=NKI
NMG,บริษัท เนชั่น มัลติมีเดีย กรุ๊ป จำกัด (มหาชน),SET,/C13_FastQuote_Main.jsp?txtBrokerId=IPO&selectPage=1&txtSymbol=NMG
NNCL,บริษัท นวนคร จำกัด (มหาชน),SET,/C13_FastQuote_Main.jsp?txtBrokerId=IPO&selectPage=1&txtSymbol=NNCL
NOBLE,บริษัท โนเบิล ดีเวลลอปเมนท์ จำกัด (มหาชน),SET,/C13_FastQuote_Main.jsp?txtBrokerId=IPO&selectPage=1&txtSymbol=NOBLE
NOK,บริษัท สายการบินนกแอร์ จำกัด (มหาชน),SET,/C13_FastQuote_Main.jsp?txtBrokerId=IPO&selectPage=1&txtSymbol=NOK
NPP,บริษัท นิปปอน แพ็ค (ประเทศไทย) จำกัด (มหาชน),SET,/C13_FastQuote_Main.jsp?txtBrokerId=IPO&selectPage=1&txtSymbol=NPP
NSI,บริษัทนำสินประกันภัย จำกัด (มหาชน),SET,/C13_FastQuote_Main.jsp?txtBrokerId=IPO&selectPage=1&txtSymbol=NSI
NTV,บริษัท โรงพยาบาลนนทเวช จำกัด (มหาชน),SET,/C13_FastQuote_Main.jsp?txtBrokerId=IPO&selectPage=1&txtSymbol=NTV
NUSA,บริษัท ณุศาศิริ จำกัด (มหาชน),SET,/C13_FastQuote_Main.jsp?txtBrokerId=IPO&selectPage=1&txtSymbol=NUSA
NWR,บริษัทเนาวรัตน์พัฒนาการ จำกัด (มหาชน),SET,/C13_FastQuote_Main.jsp?txtBrokerId=IPO&selectPage=1&txtSymbol=NWR
NYT,บริษัท นามยง เทอร์มินัล จำกัด (มหาชน),SET,/C13_FastQuote_Main.jsp?txtBrokerId=IPO&selectPage=1&txtSymbol=NYT
NBC,บริษัท เนชั่น บรอดแคสติ้ง คอร์ปอเรชั่น จำกัด (มหาชน),MAI,/C13_FastQuote_Main.jsp?txtBrokerId=IPO&selectPage=1&txtSymbol=NBC
NCL,บริษัท เอ็นซีแอล อินเตอร์เนชั่นแนล โลจิสติกส์ จำกัด (มหาชน),MAI,/C13_FastQuote_Main.jsp?txtBrokerId=IPO&selectPage=1&txtSymbol=NCL
NDR,บริษัท เอ็น.ดี.รับเบอร์ จำกัด (มหาชน),MAI,/C13_FastQuote_Main.jsp?txtBrokerId=IPO&selectPage=1&txtSymbol=NDR
NETBAY,บริษัท เน็ตเบย์ จำกัด (มหาชน),MAI,/C13_FastQuote_Main.jsp?txtBrokerId=IPO&selectPage=1&txtSymbol=NETBAY
NEWS,บริษัท นิวส์ เน็ตเวิร์ค คอร์ปอเรชั่น จำกัด (มหาชน),MAI,/C13_FastQuote_Main.jsp?txtBrokerId=IPO&selectPage=1&txtSymbol=NEWS
NINE,บริษัท เนชั่น อินเตอร์เนชั่นแนล เอ็ดดูเทนเมนท์ จำกัด (มหาชน),MAI,/C13_FastQuote_Main.jsp?txtBrokerId=IPO&selectPage=1&txtSymbol=NINE
NPK,บริษัท นิวพลัสนิตติ้ง จำกัด (มหาชน),MAI,/C13_FastQuote_Main.jsp?txtBrokerId=IPO&selectPage=1&txtSymbol=NPK
NVD,บริษัท เนอวานา ไดอิ จำกัด (มหาชน),MAI,/C13_FastQuote_Main.jsp?txtBrokerId=IPO&selectPage=1&txtSymbol=NVD
J,บริษัท เจเอเอส แอสเซ็ท จำกัด (มหาชน),SET,/C13_FastQuote_Main.jsp?txtBrokerId=IPO&selectPage=1&txtSymbol=J
JAS,บริษัทจัสมิน อินเตอร์เนชั่นแนล จำกัด (มหาชน),SET,/C13_FastQuote_Main.jsp?txtBrokerId=IPO&selectPage=1&txtSymbol=JAS
JASIF,กองทุนรวมโครงสร้างพื้นฐานบรอดแบนด์อินเทอร์เน็ต จัสมิน,SET,/C13_FastQuote_Main.jsp?txtBrokerId=IPO&selectPage=1&txtSymbol=JASIF
JCP,กองทุนรวมสิทธิการเช่าอสังหาริมทรัพย์ เจซี,SET,/C13_FastQuote_Main.jsp?txtBrokerId=IPO&selectPage=1&txtSymbol=JCP
JCT,บริษัท แจ๊กเจียอุตสาหกรรม (ไทย) จำกัด (มหาชน),SET,/C13_FastQuote_Main.jsp?txtBrokerId=IPO&selectPage=1&txtSymbol=JCT
JMART,บริษัท เจ มาร์ท จำกัด (มหาชน),SET,/C13_FastQuote_Main.jsp?txtBrokerId=IPO&selectPage=1&txtSymbol=JMART
JMT,บริษัท เจ เอ็ม ที เน็ทเวอร์ค เซอร์วิสเซ็ส จำกัด (มหาชน),SET,/C13_FastQuote_Main.jsp?txtBrokerId=IPO&selectPage=1&txtSymbol=JMT
JTS,บริษัท จัสมิน เทเลคอม ซิสเต็มส์ จำกัด (มหาชน),SET,/C13_FastQuote_Main.jsp?txtBrokerId=IPO&selectPage=1&txtSymbol=JTS
JUTHA,บริษัท จุฑานาวี จำกัด (มหาชน),SET,/C13_FastQuote_Main.jsp?txtBrokerId=IPO&selectPage=1&txtSymbol=JUTHA
JWD,บริษัท เจดับเบิ้ลยูดี อินโฟโลจิสติกส์ จำกัด (มหาชน),SET,/C13_FastQuote_Main.jsp?txtBrokerId=IPO&selectPage=1&txtSymbol=JWD
JKN,บริษัท เจเคเอ็น โกลบอล มีเดีย จำกัด (มหาชน),MAI,/C13_FastQuote_Main.jsp?txtBrokerId=IPO&selectPage=1&txtSymbol=JKN
JSP,บริษัท เจ. เอส. พี. พร็อพเพอร์ตี้ จำกัด (มหาชน),MAI,/C13_FastQuote_Main.jsp?txtBrokerId=IPO&selectPage=1&txtSymbol=JSP
JUBILE,บริษัท ยูบิลลี่ เอ็นเตอร์ไพรส์ จำกัด (มหาชน),MAI,/C13_FastQuote_Main.jsp?txtBrokerId=IPO&selectPage=1&txtSymbol=JUBILE
OCC,บริษัท โอ ซี ซี จำกัด (มหาชน),SET,/C13_FastQuote_Main.jsp?txtBrokerId=IPO&selectPage=1&txtSymbol=OCC
OGC,บริษัท โอเชียนกลาส จำกัด (มหาชน),SET,/C13_FastQuote_Main.jsp?txtBrokerId=IPO&selectPage=1&txtSymbol=OGC
OHTL,บริษัท โอเอชทีแอล จำกัด (มหาชน),SET,/C13_FastQuote_Main.jsp?txtBrokerId=IPO&selectPage=1&txtSymbol=OHTL
OISHI,บริษัท โออิชิ กรุ๊ป จำกัด (มหาชน),SET,/C13_FastQuote_Main.jsp?txtBrokerId=IPO&selectPage=1&txtSymbol=OISHI
ORI,บริษัท ออริจิ้น พร็อพเพอร์ตี้ จำกัด (มหาชน),SET,/C13_FastQuote_Main.jsp?txtBrokerId=IPO&selectPage=1&txtSymbol=ORI
OCEAN,บริษัท โอเชี่ยน คอมเมิรช จำกัด (มหาชน),MAI,/C13_FastQuote_Main.jsp?txtBrokerId=IPO&selectPage=1&txtSymbol=OCEAN
OTO,บริษัท วันทูวัน คอนแทคส์ จำกัด (มหาชน),MAI,/C13_FastQuote_Main.jsp?txtBrokerId=IPO&selectPage=1&txtSymbol=OTO
PACE,บริษัท เพซ ดีเวลลอปเมนท์ คอร์ปอเรชั่น จำกัด (มหาชน),SET,/C13_FastQuote_Main.jsp?txtBrokerId=IPO&selectPage=1&txtSymbol=PACE
PAF,บริษัท แพนเอเซียฟุตแวร์ จำกัด (มหาชน),SET,/C13_FastQuote_Main.jsp?txtBrokerId=IPO&selectPage=1&txtSymbol=PAF
PAP,บริษัท แปซิฟิกไพพ์ จำกัด (มหาชน),SET,/C13_FastQuote_Main.jsp?txtBrokerId=IPO&selectPage=1&txtSymbol=PAP
PATO,บริษัท พาโตเคมีอุตสาหกรรม จำกัด (มหาชน),SET,/C13_FastQuote_Main.jsp?txtBrokerId=IPO&selectPage=1&txtSymbol=PATO
PB,บริษัท เพรซิเดนท์ เบเกอรี่ จำกัด (มหาชน),SET,/C13_FastQuote_Main.jsp?txtBrokerId=IPO&selectPage=1&txtSymbol=PB
PCSGH,บริษัท พี.ซี.เอส.แมชีน กรุ๊ปโฮลดิ้ง จำกัด (มหาชน),SET,/C13_FastQuote_Main.jsp?txtBrokerId=IPO&selectPage=1&txtSymbol=PCSGH
PDI,บริษัท ผาแดงอินดัสทรี จำกัด (มหาชน),SET,/C13_FastQuote_Main.jsp?txtBrokerId=IPO&selectPage=1&txtSymbol=PDI
PE,บริษัท พรีเมียร์เอ็นเตอร์ไพรซ์ จำกัด (มหาชน),SET,/C13_FastQuote_Main.jsp?txtBrokerId=IPO&selectPage=1&txtSymbol=PE
PERM,บริษัท เพิ่มสินสตีลเวิคส์ จำกัด (มหาชน),SET,/C13_FastQuote_Main.jsp?txtBrokerId=IPO&selectPage=1&txtSymbol=PERM
PF,บริษัท พร็อพเพอร์ตี้ เพอร์เฟค จำกัด (มหาชน),SET,/C13_FastQuote_Main.jsp?txtBrokerId=IPO&selectPage=1&txtSymbol=PF
PG,บริษัท ประชาอาภรณ์ จำกัด (มหาชน),SET,/C13_FastQuote_Main.jsp?txtBrokerId=IPO&selectPage=1&txtSymbol=PG
PK,บริษัท พัฒน์กล จำกัด (มหาชน),SET,/C13_FastQuote_Main.jsp?txtBrokerId=IPO&selectPage=1&txtSymbol=PK
PL,บริษัท ภัทรลิสซิ่ง จำกัด (มหาชน),SET,/C13_FastQuote_Main.jsp?txtBrokerId=IPO&selectPage=1&txtSymbol=PL
PLANB,บริษัท แพลน บี มีเดีย จำกัด (มหาชน),SET,/C13_FastQuote_Main.jsp?txtBrokerId=IPO&selectPage=1&txtSymbol=PLANB
PLAT,บริษัท เดอะ แพลทินัม กรุ๊ป จำกัด (มหาชน),SET,/C13_FastQuote_Main.jsp?txtBrokerId=IPO&selectPage=1&txtSymbol=PLAT
PLE,บริษัท เพาเวอร์ไลน์ เอ็นจิเนียริ่ง จำกัด (มหาชน),SET,/C13_FastQuote_Main.jsp?txtBrokerId=IPO&selectPage=1&txtSymbol=PLE
PM,บริษัท พรีเมียร์ มาร์เก็ตติ้ง จำกัด (มหาชน),SET,/C13_FastQuote_Main.jsp?txtBrokerId=IPO&selectPage=1&txtSymbol=PM
PMTA,บริษัท พีเอ็ม โทรีเซน เอเชีย โฮลดิ้งส์ จำกัด (มหาชน),SET,/C13_FastQuote_Main.jsp?txtBrokerId=IPO&selectPage=1&txtSymbol=PMTA
POLAR,บริษัท โพลาริส แคปปิตัล จำกัด (มหาชน),SET,/C13_FastQuote_Main.jsp?txtBrokerId=IPO&selectPage=1&txtSymbol=POLAR
POPF,กองทุนรวมสิทธิการเช่าอสังหาริมทรัพย์ไพร์มออฟฟิศ,SET,/C13_FastQuote_Main.jsp?txtBrokerId=IPO&selectPage=1&txtSymbol=POPF
POST,บริษัท บางกอก โพสต์ จำกัด (มหาชน),SET,/C13_FastQuote_Main.jsp?txtBrokerId=IPO&selectPage=1&txtSymbol=POST
PPF,กองทุนรวมอสังหาริมทรัพย์ปิ่นทอง อินดัสเตรียล ปาร์ค,SET,/C13_FastQuote_Main.jsp?txtBrokerId=IPO&selectPage=1&txtSymbol=PPF
PPP,บริษัท พรีเมียร์ โพรดักส์ จำกัด (มหาชน),SET,/C13_FastQuote_Main.jsp?txtBrokerId=IPO&selectPage=1&txtSymbol=PPP
PRAKIT,บริษัท ประกิต โฮลดิ้งส์ จำกัด (มหาชน),SET,/C13_FastQuote_Main.jsp?txtBrokerId=IPO&selectPage=1&txtSymbol=PRAKIT
PRANDA,บริษัท แพรนด้า จิวเวลรี่ จำกัด (มหาชน),SET,/C13_FastQuote_Main.jsp?txtBrokerId=IPO&selectPage=1&txtSymbol=PRANDA
PREB,บริษัท พรีบิลท์ จำกัด (มหาชน),SET,/C13_FastQuote_Main.jsp?txtBrokerId=IPO&selectPage=1&txtSymbol=PREB
PRECHA,บริษัท ปรีชากรุ๊ป จำกัด (มหาชน),SET,/C13_FastQuote_Main.jsp?txtBrokerId=IPO&selectPage=1&txtSymbol=PRECHA
PRG,บริษัท ปทุมไรซมิล แอนด์ แกรนารี จำกัด (มหาชน),SET,/C13_FastQuote_Main.jsp?txtBrokerId=IPO&selectPage=1&txtSymbol=PRG
PRIN,บริษัท ปริญสิริ จำกัด (มหาชน),SET,/C13_FastQuote_Main.jsp?txtBrokerId=IPO&selectPage=1&txtSymbol=PRIN
PRINC,บริษัท พริ้นซิเพิล แคปิตอล จำกัด (มหาชน),SET,/C13_FastQuote_Main.jsp?txtBrokerId=IPO&selectPage=1&txtSymbol=PRINC
PRM,บริษัท พริมา มารีน จำกัด (มหาชน),SET,/C13_FastQuote_Main.jsp?txtBrokerId=IPO&selectPage=1&txtSymbol=PRM
PSH,บริษัท พฤกษา โฮลดิ้ง จำกัด (มหาชน),SET,/C13_FastQuote_Main.jsp?txtBrokerId=IPO&selectPage=1&txtSymbol=PSH
PSL,บริษัท พรีเชียส ชิพปิ้ง จำกัด (มหาชน),SET,/C13_FastQuote_Main.jsp?txtBrokerId=IPO&selectPage=1&txtSymbol=PSL
PT,บริษัท พรีเมียร์ เทคโนโลยี จำกัด (มหาชน),SET,/C13_FastQuote_Main.jsp?txtBrokerId=IPO&selectPage=1&txtSymbol=PT
PTG,บริษัท พีทีจี เอ็นเนอยี จำกัด (มหาชน),SET,/C13_FastQuote_Main.jsp?txtBrokerId=IPO&selectPage=1&txtSymbol=PTG
PTL,บริษัท โพลีเพล็กซ์ (ประเทศไทย) จำกัด (มหาชน),SET,/C13_FastQuote_Main.jsp?txtBrokerId=IPO&selectPage=1&txtSymbol=PTL
PTT,บริษัท ปตท. จำกัด (มหาชน),SET,/C13_FastQuote_Main.jsp?txtBrokerId=IPO&selectPage=1&txtSymbol=PTT
PTTEP,บริษัท ปตท. สำรวจและผลิตปิโตรเลียม จำกัด (มหาชน),SET,/C13_FastQuote_Main.jsp?txtBrokerId=IPO&selectPage=1&txtSymbol=PTTEP
PTTGC,บริษัท พีทีที โกลบอล เคมิคอล จำกัด (มหาชน),SET,/C13_FastQuote_Main.jsp?txtBrokerId=IPO&selectPage=1&txtSymbol=PTTGC
PYLON,บริษัท ไพลอน จำกัด (มหาชน),SET,/C13_FastQuote_Main.jsp?txtBrokerId=IPO&selectPage=1&txtSymbol=PYLON
PDG,บริษัท พรอดดิจิ จำกัด (มหาชน),MAI,/C13_FastQuote_Main.jsp?txtBrokerId=IPO&selectPage=1&txtSymbol=PDG
PHOL,บริษัท ผลธัญญะ จำกัด (มหาชน),MAI,/C13_FastQuote_Main.jsp?txtBrokerId=IPO&selectPage=1&txtSymbol=PHOL
PICO,บริษัท ปิโก (ไทยแลนด์) จำกัด (มหาชน),MAI,/C13_FastQuote_Main.jsp?txtBrokerId=IPO&selectPage=1&txtSymbol=PICO
PIMO,บริษัท ไพโอเนียร์ มอเตอร์ จำกัด (มหาชน),MAI,/C13_FastQuote_Main.jsp?txtBrokerId=IPO&selectPage=1&txtSymbol=PIMO
PJW,บริษัท ปัญจวัฒนาพลาสติก จำกัด (มหาชน),MAI,/C13_FastQuote_Main.jsp?txtBrokerId=IPO&selectPage=1&txtSymbol=PJW
PLANET,บริษัท แพลนเน็ต คอมมิวนิเคชั่น เอเชีย จำกัด (มหาชน),MAI,/C13_FastQuote_Main.jsp?txtBrokerId=IPO&selectPage=1&txtSymbol=PLANET
PORT,บริษัท สหไทย เทอร์มินอล จำกัด (มหาชน),MAI,/C13_FastQuote_Main.jsp?txtBrokerId=IPO&selectPage=1&txtSymbol=PORT
PPM,บริษัท พรพรหมเม็ททอล จำกัด (มหาชน),MAI,/C13_FastQuote_Main.jsp?txtBrokerId=IPO&selectPage=1&txtSymbol=PPM
PPS,บริษัท โปรเจค แพลนนิ่ง เซอร์วิส จำกัด (มหาชน),MAI,/C13_FastQuote_Main.jsp?txtBrokerId=IPO&selectPage=1&txtSymbol=PPS
PSTC,บริษัท เพาเวอร์ โซลูชั่น เทคโนโลยี จำกัด (มหาชน),MAI,/C13_FastQuote_Main.jsp?txtBrokerId=IPO&selectPage=1&txtSymbol=PSTC
Q-CON,บริษัท ควอลิตี้คอนสตรัคชั่นโปรดัคส์ จำกัด (มหาชน),SET,/C13_FastQuote_Main.jsp?txtBrokerId=IPO&selectPage=1&txtSymbol=Q-CON
QH,บริษัท ควอลิตี้เฮ้าส์ จำกัด (มหาชน),SET,/C13_FastQuote_Main.jsp?txtBrokerId=IPO&selectPage=1&txtSymbol=QH
QHHR,กองทุนรวมอสังหาริมทรัพย์และสิทธิการเช่า ควอลิตี้ เฮ้าส์ โฮเทล แอนด์  เรซิเดนซ์,SET,/C13_FastQuote_Main.jsp?txtBrokerId=IPO&selectPage=1&txtSymbol=QHHR
QHOP,กองทุนรวมสิทธิการเช่าอสังหาริมทรัพย์ควอลิตี้ ฮอสพิทอลลิตี้,SET,/C13_FastQuote_Main.jsp?txtBrokerId=IPO&selectPage=1&txtSymbol=QHOP
QHPF,กองทุนรวมสิทธิการเช่าอสังหาริมทรัพย์ควอลิตี้ เฮ้าส์,SET,/C13_FastQuote_Main.jsp?txtBrokerId=IPO&selectPage=1&txtSymbol=QHPF
QLT,บริษัท ควอลลีเทค จำกัด (มหาชน),MAI,/C13_FastQuote_Main.jsp?txtBrokerId=IPO&selectPage=1&txtSymbol=QLT
QTC,บริษัท คิวทีซี เอนเนอร์ยี่ จำกัด (มหาชน),MAI,/C13_FastQuote_Main.jsp?txtBrokerId=IPO&selectPage=1&txtSymbol=QTC
RAM,บริษัท โรงพยาบาลรามคำแหง จำกัด (มหาชน),SET,/C13_FastQuote_Main.jsp?txtBrokerId=IPO&selectPage=1&txtSymbol=RAM
RATCH,บริษัท ผลิตไฟฟ้าราชบุรีโฮลดิ้ง จำกัด (มหาชน),SET,/C13_FastQuote_Main.jsp?txtBrokerId=IPO&selectPage=1&txtSymbol=RATCH
RCI,บริษัท โรแยล ซีรามิค อุตสาหกรรม จำกัด (มหาชน),SET,/C13_FastQuote_Main.jsp?txtBrokerId=IPO&selectPage=1&txtSymbol=RCI
RCL,บริษัท อาร์ ซี แอล จำกัด (มหาชน),SET,/C13_FastQuote_Main.jsp?txtBrokerId=IPO&selectPage=1&txtSymbol=RCL
RICH,บริษัท ริช เอเชีย คอร์ปอเรชั่น จำกัด (มหาชน),SET,/C13_FastQuote_Main.jsp?txtBrokerId=IPO&selectPage=1&txtSymbol=RICH
RICHY,บริษัท ริชี่ เพลซ 2002 จำกัด (มหาชน),SET,/C13_FastQuote_Main.jsp?txtBrokerId=IPO&selectPage=1&txtSymbol=RICHY
RJH,บริษัท โรงพยาบาลราชธานี จำกัด (มหาชน),SET,/C13_FastQuote_Main.jsp?txtBrokerId=IPO&selectPage=1&txtSymbol=RJH
RML,บริษัท ไรมอน แลนด์ จำกัด (มหาชน),SET,/C13_FastQuote_Main.jsp?txtBrokerId=IPO&selectPage=1&txtSymbol=RML
ROBINS,บริษัท โรบินสัน จำกัด (มหาชน),SET,/C13_FastQuote_Main.jsp?txtBrokerId=IPO&selectPage=1&txtSymbol=ROBINS
ROCK,บริษัท ร้อกเวิธ จำกัด (มหาชน),SET,/C13_FastQuote_Main.jsp?txtBrokerId=IPO&selectPage=1&txtSymbol=ROCK
ROH,บริษัท โรงแรมรอยัล ออคิด (ประเทศไทย) จำกัด (มหาชน),SET,/C13_FastQuote_Main.jsp?txtBrokerId=IPO&selectPage=1&txtSymbol=ROH
ROJNA,บริษัท สวนอุตสาหกรรมโรจนะ จำกัด (มหาชน),SET,/C13_FastQuote_Main.jsp?txtBrokerId=IPO&selectPage=1&txtSymbol=ROJNA
RPC,บริษัท อาร์พีซีจี จำกัด (มหาชน),SET,/C13_FastQuote_Main.jsp?txtBrokerId=IPO&selectPage=1&txtSymbol=RPC
RPH,บริษัท โรงพยาบาลราชพฤกษ์ จำกัด (มหาชน),SET,/C13_FastQuote_Main.jsp?txtBrokerId=IPO&selectPage=1&txtSymbol=RPH
RS,บริษัท อาร์เอส จำกัด (มหาชน),SET,/C13_FastQuote_Main.jsp?txtBrokerId=IPO&selectPage=1&txtSymbol=RS
RSP,บริษัท ริช สปอร์ต จำกัด (มหาชน),SET,/C13_FastQuote_Main.jsp?txtBrokerId=IPO&selectPage=1&txtSymbol=RSP
RP,บริษัท ท่าเรือราชาเฟอร์รี่ จำกัด (มหาชน),MAI,/C13_FastQuote_Main.jsp?txtBrokerId=IPO&selectPage=1&txtSymbol=RP
RWI,บริษัท ระยองไวร์ อินดัสตรีส์ จำกัด (มหาชน),MAI,/C13_FastQuote_Main.jsp?txtBrokerId=IPO&selectPage=1&txtSymbol=RWI
S,บริษัท สิงห์ เอสเตท จำกัด (มหาชน),SET,/C13_FastQuote_Main.jsp?txtBrokerId=IPO&selectPage=1&txtSymbol=S
S & J,บ.เอส แอนด์ เจ อินเตอร์เนชั่นแนล เอนเตอร์ไพรส์ จำกัด (มหาชน),SET,/C13_FastQuote_Main.jsp?txtBrokerId=IPO&selectPage=1&txtSymbol=S+%26+J
S11,บริษัท เอส 11 กรุ๊ป จำกัด (มหาชน),SET,/C13_FastQuote_Main.jsp?txtBrokerId=IPO&selectPage=1&txtSymbol=S11
SABINA,บริษัท ซาบีน่า จำกัด (มหาชน),SET,/C13_FastQuote_Main.jsp?txtBrokerId=IPO&selectPage=1&txtSymbol=SABINA
SAM,บริษัท สามชัย สตีล อินดัสทรี จำกัด (มหาชน),SET,/C13_FastQuote_Main.jsp?txtBrokerId=IPO&selectPage=1&txtSymbol=SAM
SAMART,บริษัท สามารถคอร์ปอเรชั่น จำกัด (มหาชน),SET,/C13_FastQuote_Main.jsp?txtBrokerId=IPO&selectPage=1&txtSymbol=SAMART
SAMCO,บริษัท สัมมากร จำกัด (มหาชน),SET,/C13_FastQuote_Main.jsp?txtBrokerId=IPO&selectPage=1&txtSymbol=SAMCO
SAMTEL,บริษัท สามารถเทลคอม จำกัด (มหาชน),SET,/C13_FastQuote_Main.jsp?txtBrokerId=IPO&selectPage=1&txtSymbol=SAMTEL
SAPPE,บริษัท เซ็ปเป้ จำกัด (มหาชน),SET,/C13_FastQuote_Main.jsp?txtBrokerId=IPO&selectPage=1&txtSymbol=SAPPE
SAT,บริษัท สมบูรณ์ แอ๊ดวานซ์ เทคโนโลยี จำกัด (มหาชน),SET,/C13_FastQuote_Main.jsp?txtBrokerId=IPO&selectPage=1&txtSymbol=SAT
SAUCE,บริษัท ไทยเทพรส จำกัด (มหาชน),SET,/C13_FastQuote_Main.jsp?txtBrokerId=IPO&selectPage=1&txtSymbol=SAUCE
SAWAD,บริษัท ศรีสวัสดิ์ คอร์ปอเรชั่น จำกัด (มหาชน),SET,/C13_FastQuote_Main.jsp?txtBrokerId=IPO&selectPage=1&txtSymbol=SAWAD
SAWANG,บริษัท สว่างเอ็กซ์ปอร์ต จำกัด (มหาชน),SET,/C13_FastQuote_Main.jsp?txtBrokerId=IPO&selectPage=1&txtSymbol=SAWANG
SBPF,กองทุนรวมอสังหาริมทรัพย์ สมุยบุรี,SET,/C13_FastQuote_Main.jsp?txtBrokerId=IPO&selectPage=1&txtSymbol=SBPF
SC,บริษัท เอสซี แอสเสท คอร์ปอเรชั่น จำกัด (มหาชน),SET,/C13_FastQuote_Main.jsp?txtBrokerId=IPO&selectPage=1&txtSymbol=SC
SCB,ธนาคารไทยพาณิชย์ จำกัด (มหาชน),SET,/C13_FastQuote_Main.jsp?txtBrokerId=IPO&selectPage=1&txtSymbol=SCB
SCC,บริษัท ปูนซิเมนต์ไทย จำกัด(มหาชน),SET,/C13_FastQuote_Main.jsp?txtBrokerId=IPO&selectPage=1&txtSymbol=SCC
SCCC,บริษัท ปูนซีเมนต์นครหลวง จำกัด (มหาชน),SET,/C13_FastQuote_Main.jsp?txtBrokerId=IPO&selectPage=1&txtSymbol=SCCC
SCG,บริษัท สหโคเจน (ชลบุรี) จำกัด (มหาชน),SET,/C13_FastQuote_Main.jsp?txtBrokerId=IPO&selectPage=1&txtSymbol=SCG
SCI,บริษัท เอสซีไอ อีเลคตริค จำกัด (มหาชน),SET,/C13_FastQuote_Main.jsp?txtBrokerId=IPO&selectPage=1&txtSymbol=SCI
SCN,บริษัท สแกน อินเตอร์ จำกัด (มหาชน),SET,/C13_FastQuote_Main.jsp?txtBrokerId=IPO&selectPage=1&txtSymbol=SCN
SCP,บริษัท ทักษิณคอนกรีต จำกัด (มหาชน),SET,/C13_FastQuote_Main.jsp?txtBrokerId=IPO&selectPage=1&txtSymbol=SCP
SDC,บริษัท สามารถ ดิจิตอล จำกัด (มหาชน),SET,/C13_FastQuote_Main.jsp?txtBrokerId=IPO&selectPage=1&txtSymbol=SDC
SE-ED,บริษัท ซีเอ็ดยูเคชั่น จำกัด (มหาชน),SET,/C13_FastQuote_Main.jsp?txtBrokerId=IPO&selectPage=1&txtSymbol=SE-ED
SEAFCO,บริษัท ซีฟโก้ จำกัด (มหาชน),SET,/C13_FastQuote_Main.jsp?txtBrokerId=IPO&selectPage=1&txtSymbol=SEAFCO
SENA,บริษัท เสนาดีเวลลอปเม้นท์ จำกัด (มหาชน),SET,/C13_FastQuote_Main.jsp?txtBrokerId=IPO&selectPage=1&txtSymbol=SENA
SF,บริษัท สยามฟิวเจอร์ ดีเวลอปเมนท์ จำกัด (มหาชน),SET,/C13_FastQuote_Main.jsp?txtBrokerId=IPO&selectPage=1&txtSymbol=SF
SFP,บริษัท อาหารสยาม จำกัด(มหาชน),SET,/C13_FastQuote_Main.jsp?txtBrokerId=IPO&selectPage=1&txtSymbol=SFP
SGP,บริษัท สยามแก๊ส แอนด์ ปิโตรเคมีคัลส์ จำกัด (มหาชน),SET,/C13_FastQuote_Main.jsp?txtBrokerId=IPO&selectPage=1&txtSymbol=SGP
SHANG,บริษัท แชงกรี-ลา โฮเต็ล จำกัด (มหาชน),SET,/C13_FastQuote_Main.jsp?txtBrokerId=IPO&selectPage=1&txtSymbol=SHANG
SHREIT,ทรัสต์เพื่อการลงทุนในอสังหาริมทรัพย์แบบต่ออายุได้เพื่อธุรกิจโรงแรมและสิทธิการเช่าสตราทีจิก ฮอสพิทอลลิตี้,SET,/C13_FastQuote_Main.jsp?txtBrokerId=IPO&selectPage=1&txtSymbol=SHREIT
SIAM,บริษัท สยามสตีลอินเตอร์เนชั่นแนล จำกัด (มหาชน),SET,/C13_FastQuote_Main.jsp?txtBrokerId=IPO&selectPage=1&txtSymbol=SIAM
SINGER,บริษัท ซิงเกอร์ประเทศไทย จำกัด (มหาชน),SET,/C13_FastQuote_Main.jsp?txtBrokerId=IPO&selectPage=1&txtSymbol=SINGER
SIRI,บริษัท แสนสิริ จำกัด (มหาชน),SET,/C13_FastQuote_Main.jsp?txtBrokerId=IPO&selectPage=1&txtSymbol=SIRI
SIRIP,กองทุนรวมอสังหาริมทรัพย์แสนสิริ ไพร์มออฟฟิศ,SET,/C13_FastQuote_Main.jsp?txtBrokerId=IPO&selectPage=1&txtSymbol=SIRIP
SIS,บริษัท เอสไอเอส ดิสทริบิวชั่น (ประเทศไทย) จำกัด (มหาชน),SET,/C13_FastQuote_Main.jsp?txtBrokerId=IPO&selectPage=1&txtSymbol=SIS
SITHAI,บริษัท ศรีไทยซุปเปอร์แวร์ จำกัด (มหาชน),SET,/C13_FastQuote_Main.jsp?txtBrokerId=IPO&selectPage=1&txtSymbol=SITHAI
SKE,บริษัท สากล เอนเนอยี จำกัด (มหาชน),SET,/C13_FastQuote_Main.jsp?txtBrokerId=IPO&selectPage=1&txtSymbol=SKE
SKN,บริษัท ส.กิจชัย เอ็นเตอร์ไพรส์ จำกัด (มหาชน),SET,/C13_FastQuote_Main.jsp?txtBrokerId=IPO&selectPage=1&txtSymbol=SKN
SKR,บริษัท ศิครินทร์ จำกัด (มหาชน),SET,/C13_FastQuote_Main.jsp?txtBrokerId=IPO&selectPage=1&txtSymbol=SKR
SLP,บริษัท สาลี่ พริ้นท์ติ้ง จำกัด (มหาชน),SET,/C13_FastQuote_Main.jsp?txtBrokerId=IPO&selectPage=1&txtSymbol=SLP
SMIT,บริษัท สหมิตรเครื่องกล จำกัด (มหาชน),SET,/C13_FastQuote_Main.jsp?txtBrokerId=IPO&selectPage=1&txtSymbol=SMIT
SMK,บริษัท สินมั่นคงประกันภัย จำกัด (มหาชน),SET,/C13_FastQuote_Main.jsp?txtBrokerId=IPO&selectPage=1&txtSymbol=SMK
SMM,บริษัท สยามอินเตอร์มัลติมีเดีย จำกัด (มหาชน),SET,/C13_FastQuote_Main.jsp?txtBrokerId=IPO&selectPage=1&txtSymbol=SMM
SMPC,บริษัท สหมิตรถังแก๊ส จำกัด (มหาชน),SET,/C13_FastQuote_Main.jsp?txtBrokerId=IPO&selectPage=1&txtSymbol=SMPC
SMT,บริษัท สตาร์ส ไมโครอิเล็กทรอนิกส์ (ประเทศไทย) จำกัด (มหาชน),SET,/C13_FastQuote_Main.jsp?txtBrokerId=IPO&selectPage=1&txtSymbol=SMT
SNC,บริษัท เอส เอ็น ซี ฟอร์เมอร์ จำกัด (มหาชน),SET,/C13_FastQuote_Main.jsp?txtBrokerId=IPO&selectPage=1&txtSymbol=SNC
SNP,บริษัท เอส แอนด์ พี ซินดิเคท จำกัด (มหาชน),SET,/C13_FastQuote_Main.jsp?txtBrokerId=IPO&selectPage=1&txtSymbol=SNP
SOLAR,บริษัท โซลาร์ตรอน จำกัด (มหาชน),SET,/C13_FastQuote_Main.jsp?txtBrokerId=IPO&selectPage=1&txtSymbol=SOLAR
SORKON,บริษัท ส. ขอนแก่นฟู้ดส์ จำกัด (มหาชน),SET,/C13_FastQuote_Main.jsp?txtBrokerId=IPO&selectPage=1&txtSymbol=SORKON
SPACK,บริษัท เอส. แพ็ค แอนด์ พริ้นท์ จำกัด (มหาชน),SET,/C13_FastQuote_Main.jsp?txtBrokerId=IPO&selectPage=1&txtSymbol=SPACK
SPALI,บริษัท ศุภาลัย จำกัด (มหาชน),SET,/C13_FastQuote_Main.jsp?txtBrokerId=IPO&selectPage=1&txtSymbol=SPALI
SPC,บริษัท สหพัฒนพิบูล จำกัด (มหาชน),SET,/C13_FastQuote_Main.jsp?txtBrokerId=IPO&selectPage=1&txtSymbol=SPC
SPCG,บริษัท เอสพีซีจี จำกัด (มหาชน),SET,/C13_FastQuote_Main.jsp?txtBrokerId=IPO&selectPage=1&txtSymbol=SPCG
SPF,กองทุนรวมสิทธิการเช่าอสังหาริมทรัพย์สนามบินสมุย,SET,/C13_FastQuote_Main.jsp?txtBrokerId=IPO&selectPage=1&txtSymbol=SPF
SPG,บริษัท สยามภัณฑ์กรุ๊ป จำกัด (มหาชน),SET,/C13_FastQuote_Main.jsp?txtBrokerId=IPO&selectPage=1&txtSymbol=SPG
SPI,บริษัท สหพัฒนาอินเตอร์โฮลดิ้ง จำกัด (มหาชน),SET,/C13_FastQuote_Main.jsp?txtBrokerId=IPO&selectPage=1&txtSymbol=SPI
SPORT,บริษัท สยามสปอร์ต ซินดิเคท จำกัด (มหาชน),SET,/C13_FastQuote_Main.jsp?txtBrokerId=IPO&selectPage=1&txtSymbol=SPORT
SPPT,บริษัท ซิงเกิ้ล พอยท์ พาร์ท (ประเทศไทย) จำกัด (มหาชน),SET,/C13_FastQuote_Main.jsp?txtBrokerId=IPO&selectPage=1&txtSymbol=SPPT
SPRC,บริษัท สตาร์ ปิโตรเลียม รีไฟน์นิ่ง จำกัด (มหาชน),SET,/C13_FastQuote_Main.jsp?txtBrokerId=IPO&selectPage=1&txtSymbol=SPRC
SQ,บริษัท สหกลอิควิปเมนท์ จำกัด (มหาชน),SET,/C13_FastQuote_Main.jsp?txtBrokerId=IPO&selectPage=1&txtSymbol=SQ
SRICHA,บริษัท ศรีราชาคอนสตรัคชั่น จำกัด (มหาชน),SET,/C13_FastQuote_Main.jsp?txtBrokerId=IPO&selectPage=1&txtSymbol=SRICHA
SRIPANWA,ทรัสต์เพื่อการลงทุนในอสังหาริมทรัพย์โรงแรมศรีพันวา,SET,/C13_FastQuote_Main.jsp?txtBrokerId=IPO&selectPage=1&txtSymbol=SRIPANWA
SSC,บริษัท เสริมสุข จำกัด (มหาชน),SET,/C13_FastQuote_Main.jsp?txtBrokerId=IPO&selectPage=1&txtSymbol=SSC
SSF,บริษัท สุรพลฟู้ดส์ จำกัด (มหาชน),SET,/C13_FastQuote_Main.jsp?txtBrokerId=IPO&selectPage=1&txtSymbol=SSF
SSPF,กองทุนรวมอสังหาริมทรัพย์ศาลาแอทสาทร,SET,/C13_FastQuote_Main.jsp?txtBrokerId=IPO&selectPage=1&txtSymbol=SSPF
SSSC,บริษัท ศูนย์บริการเหล็กสยาม จำกัด (มหาชน),SET,/C13_FastQuote_Main.jsp?txtBrokerId=IPO&selectPage=1&txtSymbol=SSSC
SST,บริษัท ทรัพย์ศรีไทย จำกัด (มหาชน),SET,/C13_FastQuote_Main.jsp?txtBrokerId=IPO&selectPage=1&txtSymbol=SST
SSTPF,กองทุนรวมอสังหาริมทรัพย์ ทรัพย์ศรีไทย,SET,/C13_FastQuote_Main.jsp?txtBrokerId=IPO&selectPage=1&txtSymbol=SSTPF
SSTRT,ทรัสต์เพื่อการลงทุนในอสังหาริมทรัพย์ทรัพย์ศรีไทย,SET,/C13_FastQuote_Main.jsp?txtBrokerId=IPO&selectPage=1&txtSymbol=SSTRT
STA,บริษัท ศรีตรังแอโกรอินดัสทรี จำกัด (มหาชน),SET,/C13_FastQuote_Main.jsp?txtBrokerId=IPO&selectPage=1&txtSymbol=STA
STANLY,บริษัท ไทยสแตนเลย์การไฟฟ้า จำกัด (มหาชน),SET,/C13_FastQuote_Main.jsp?txtBrokerId=IPO&selectPage=1&txtSymbol=STANLY
STEC,บริษัท ซิโน-ไทย เอ็นจีเนียริ่งแอนด์คอนสตรัคชั่น จำกัด(มหาชน),SET,/C13_FastQuote_Main.jsp?txtBrokerId=IPO&selectPage=1&txtSymbol=STEC
STPI,บริษัท เอสทีพี แอนด์ ไอ จำกัด (มหาชน),SET,/C13_FastQuote_Main.jsp?txtBrokerId=IPO&selectPage=1&txtSymbol=STPI
SUC,บริษัท สหยูเนี่ยน จำกัด (มหาชน),SET,/C13_FastQuote_Main.jsp?txtBrokerId=IPO&selectPage=1&txtSymbol=SUC
SUPER,บริษัท ซุปเปอร์บล๊อก จำกัด (มหาชน),SET,/C13_FastQuote_Main.jsp?txtBrokerId=IPO&selectPage=1&txtSymbol=SUPER
SUSCO,บริษัท ซัสโก้ จำกัด (มหาชน),SET,/C13_FastQuote_Main.jsp?txtBrokerId=IPO&selectPage=1&txtSymbol=SUSCO
SUTHA,บริษัท สุธากัญจน์ จำกัด (มหาชน),SET,/C13_FastQuote_Main.jsp?txtBrokerId=IPO&selectPage=1&txtSymbol=SUTHA
SVH,บริษัท สมิติเวช จำกัด (มหาชน),SET,/C13_FastQuote_Main.jsp?txtBrokerId=IPO&selectPage=1&txtSymbol=SVH
SVI,บริษัท เอสวีไอ จำกัด (มหาชน),SET,/C13_FastQuote_Main.jsp?txtBrokerId=IPO&selectPage=1&txtSymbol=SVI
SVOA,บริษัท เอสวีโอเอ จำกัด (มหาชน),SET,/C13_FastQuote_Main.jsp?txtBrokerId=IPO&selectPage=1&txtSymbol=SVOA
SYMC,บริษัท ซิมโฟนี่ คอมมูนิเคชั่น จำกัด (มหาชน),SET,/C13_FastQuote_Main.jsp?txtBrokerId=IPO&selectPage=1&txtSymbol=SYMC
SYNEX,บริษัท ซินเน็ค (ประเทศไทย) จำกัด (มหาชน),SET,/C13_FastQuote_Main.jsp?txtBrokerId=IPO&selectPage=1&txtSymbol=SYNEX
SYNTEC,บริษัท ซินเท็ค คอนสตรัคชั่น จำกัด (มหาชน),SET,/C13_FastQuote_Main.jsp?txtBrokerId=IPO&selectPage=1&txtSymbol=SYNTEC
SALEE,บริษัท สาลี่อุตสาหกรรม จำกัด (มหาชน),MAI,/C13_FastQuote_Main.jsp?txtBrokerId=IPO&selectPage=1&txtSymbol=SALEE
SANKO,บริษัท ซังโกะ ไดคาซติ้ง (ประเทศไทย) จำกัด (มหาชน),MAI,/C13_FastQuote_Main.jsp?txtBrokerId=IPO&selectPage=1&txtSymbol=SANKO
SE,บริษัท สยามอีสต์ โซลูชั่น จำกัด (มหาชน),MAI,/C13_FastQuote_Main.jsp?txtBrokerId=IPO&selectPage=1&txtSymbol=SE
SEAOIL,บริษัท ซีออยล์ จำกัด (มหาชน),MAI,/C13_FastQuote_Main.jsp?txtBrokerId=IPO&selectPage=1&txtSymbol=SEAOIL
SELIC,บริษัท ซีลิค คอร์พ จำกัด (มหาชน),MAI,/C13_FastQuote_Main.jsp?txtBrokerId=IPO&selectPage=1&txtSymbol=SELIC
SGF,บริษัท เอสจีเอฟ แคปปิตอล จำกัด (มหาชน),MAI,/C13_FastQuote_Main.jsp?txtBrokerId=IPO&selectPage=1&txtSymbol=SGF
SIMAT,บริษัท ไซแมท เทคโนโลยี จำกัด (มหาชน),MAI,/C13_FastQuote_Main.jsp?txtBrokerId=IPO&selectPage=1&txtSymbol=SIMAT
SKY,บริษัท สกาย ไอซีที จำกัด (มหาชน),MAI,/C13_FastQuote_Main.jsp?txtBrokerId=IPO&selectPage=1&txtSymbol=SKY
SMART,บริษัท สมาร์ทคอนกรีต จำกัด (มหาชน),MAI,/C13_FastQuote_Main.jsp?txtBrokerId=IPO&selectPage=1&txtSymbol=SMART
SPA,บริษัท สยามเวลเนสกรุ๊ป จำกัด (มหาชน),MAI,/C13_FastQuote_Main.jsp?txtBrokerId=IPO&selectPage=1&txtSymbol=SPA
SPVI,บริษัท เอส พี วี ไอ จำกัด (มหาชน),MAI,/C13_FastQuote_Main.jsp?txtBrokerId=IPO&selectPage=1&txtSymbol=SPVI
SR,บริษัท สยามราช จำกัด (มหาชน),MAI,/C13_FastQuote_Main.jsp?txtBrokerId=IPO&selectPage=1&txtSymbol=SR
SSP,บริษัท เสริมสร้าง พาวเวอร์ คอร์ปอเรชั่น จำกัด (มหาชน),MAI,/C13_FastQuote_Main.jsp?txtBrokerId=IPO&selectPage=1&txtSymbol=SSP
STAR,บริษัท สตาร์ ยูนิเวอร์แซล เน็ตเวิร์ค จำกัด (มหาชน),MAI,/C13_FastQuote_Main.jsp?txtBrokerId=IPO&selectPage=1&txtSymbol=STAR
SWC,บริษัท เชอร์วู้ด เคมิคอล จำกัด (มหาชน),MAI,/C13_FastQuote_Main.jsp?txtBrokerId=IPO&selectPage=1&txtSymbol=SWC
WACOAL,บริษัท ไทยวาโก้ จำกัด (มหาชน),SET,/C13_FastQuote_Main.jsp?txtBrokerId=IPO&selectPage=1&txtSymbol=WACOAL
WAVE,บริษัท เวฟ เอ็นเตอร์เทนเมนท์ จำกัด (มหาชน),SET,/C13_FastQuote_Main.jsp?txtBrokerId=IPO&selectPage=1&txtSymbol=WAVE
WG,บริษัท ไว้ท์กรุ๊ป จำกัด (มหาชน),SET,/C13_FastQuote_Main.jsp?txtBrokerId=IPO&selectPage=1&txtSymbol=WG
WHA,บริษัท ดับบลิวเอชเอ คอร์ปอเรชั่น จำกัด (มหาชน),SET,/C13_FastQuote_Main.jsp?txtBrokerId=IPO&selectPage=1&txtSymbol=WHA
WHABT,ทรัสต์เพื่อการลงทุนในอสังหาริมทรัพย์และสิทธิการเช่าดับบลิวเอชเอ บิสซิเนส คอมเพล็กซ์,SET,/C13_FastQuote_Main.jsp?txtBrokerId=IPO&selectPage=1&txtSymbol=WHABT
WHART,ทรัสต์เพื่อการลงทุนในอสังหาริมทรัพย์และสิทธิการเช่าดับบลิวเอชเอ พรีเมี่ยม โกรท,SET,/C13_FastQuote_Main.jsp?txtBrokerId=IPO&selectPage=1&txtSymbol=WHART
WHAUP,บริษัท ดับบลิวเอชเอ ยูทิลิตี้ส์ แอนด์ พาวเวอร์ จำกัด (มหาชน),SET,/C13_FastQuote_Main.jsp?txtBrokerId=IPO&selectPage=1&txtSymbol=WHAUP
WICE,บริษัท ไวส์ โลจิสติกส์ จำกัด (มหาชน),SET,/C13_FastQuote_Main.jsp?txtBrokerId=IPO&selectPage=1&txtSymbol=WICE
WIIK,บริษัทวิค แอนด์ ฮุคลันด์ จำกัด (มหาชน),SET,/C13_FastQuote_Main.jsp?txtBrokerId=IPO&selectPage=1&txtSymbol=WIIK
WIN,บริษัท สวนอุตสาหกรรม วินโคสท์ จำกัด (มหาชน),SET,/C13_FastQuote_Main.jsp?txtBrokerId=IPO&selectPage=1&txtSymbol=WIN
WORK,บริษัท เวิร์คพอยท์ เอ็นเทอร์เทนเมนท์ จำกัด (มหาชน),SET,/C13_FastQuote_Main.jsp?txtBrokerId=IPO&selectPage=1&txtSymbol=WORK
WPH,บริษัท โรงพยาบาลวัฒนแพทย์ ตรัง จำกัด (มหาชน),SET,/C13_FastQuote_Main.jsp?txtBrokerId=IPO&selectPage=1&txtSymbol=WPH
WINNER,บริษัท วินเนอร์กรุ๊ป เอ็นเตอร์ไพรซ์ จำกัด (มหาชน),MAI,/C13_FastQuote_Main.jsp?txtBrokerId=IPO&selectPage=1&txtSymbol=WINNER
VARO,บริษัท วโรปกรณ์ จำกัด (มหาชน),SET,/C13_FastQuote_Main.jsp?txtBrokerId=IPO&selectPage=1&txtSymbol=VARO
VGI,บริษัท วี จี ไอ โกลบอล มีเดีย จำกัด (มหาชน),SET,/C13_FastQuote_Main.jsp?txtBrokerId=IPO&selectPage=1&txtSymbol=VGI
VIBHA,บริษัท โรงพยาบาลวิภาวดี จำกัด (มหาชน),SET,/C13_FastQuote_Main.jsp?txtBrokerId=IPO&selectPage=1&txtSymbol=VIBHA
VIH,บริษัท ศรีวิชัยเวชวิวัฒน์ จำกัด (มหาชน),SET,/C13_FastQuote_Main.jsp?txtBrokerId=IPO&selectPage=1&txtSymbol=VIH
VNG,บริษัท วนชัย กรุ๊ป จำกัด (มหาชน),SET,/C13_FastQuote_Main.jsp?txtBrokerId=IPO&selectPage=1&txtSymbol=VNG
VNT,บริษัท วีนิไทย จำกัด (มหาชน),SET,/C13_FastQuote_Main.jsp?txtBrokerId=IPO&selectPage=1&txtSymbol=VNT
VPO,บริษัท วิจิตรภัณฑ์ปาล์มออยล์ จำกัด (มหาชน),SET,/C13_FastQuote_Main.jsp?txtBrokerId=IPO&selectPage=1&txtSymbol=VPO
VCOM,บริษัท วินท์คอม เทคโนโลยี จำกัด (มหาชน),MAI,/C13_FastQuote_Main.jsp?txtBrokerId=IPO&selectPage=1&txtSymbol=VCOM
VTE,บริษัท วินเทจ วิศวกรรม จำกัด (มหาชน),MAI,/C13_FastQuote_Main.jsp?txtBrokerId=IPO&selectPage=1&txtSymbol=VTE
U,บริษัท ยู ซิตี้ จำกัด (มหาชน),SET,/C13_FastQuote_Main.jsp?txtBrokerId=IPO&selectPage=1&txtSymbol=U
UMI,บริษัท สหโมเสคอุตสาหกรรม จำกัด (มหาชน),SET,/C13_FastQuote_Main.jsp?txtBrokerId=IPO&selectPage=1&txtSymbol=UMI
UNIQ,บริษัท ยูนิค เอ็นจิเนียริ่ง แอนด์ คอนสตรัคชั่น จำกัด (มหาชน),SET,/C13_FastQuote_Main.jsp?txtBrokerId=IPO&selectPage=1&txtSymbol=UNIQ
UOBKH,บริษัทหลักทรัพย์ ยูโอบี เคย์เฮียน (ประเทศไทย) จำกัด (มหาชน),SET,/C13_FastQuote_Main.jsp?txtBrokerId=IPO&selectPage=1&txtSymbol=UOBKH
UP,บริษัท ยูเนี่ยนพลาสติก จำกัด (มหาชน),SET,/C13_FastQuote_Main.jsp?txtBrokerId=IPO&selectPage=1&txtSymbol=UP
UPF,บริษัท ยูเนี่ยนไพโอเนียร์ จำกัด (มหาชน),SET,/C13_FastQuote_Main.jsp?txtBrokerId=IPO&selectPage=1&txtSymbol=UPF
UPOIC,บริษัท สหอุตสาหกรรมน้ำมันปาล์ม จำกัด (มหาชน),SET,/C13_FastQuote_Main.jsp?txtBrokerId=IPO&selectPage=1&txtSymbol=UPOIC
URBNPF,กองทุนรวมสิทธิการเช่าอสังหาริมทรัพย์เออร์บานา,SET,/C13_FastQuote_Main.jsp?txtBrokerId=IPO&selectPage=1&txtSymbol=URBNPF
UT,บริษัท ยูเนี่ยนอุตสาหกรรมสิ่งทอ จำกัด (มหาชน),SET,/C13_FastQuote_Main.jsp?txtBrokerId=IPO&selectPage=1&txtSymbol=UT
UTP,บริษัท ยูไนเต็ด เปเปอร์ จำกัด (มหาชน),SET,/C13_FastQuote_Main.jsp?txtBrokerId=IPO&selectPage=1&txtSymbol=UTP
UV,บริษัท ยูนิเวนเจอร์ จำกัด (มหาชน),SET,/C13_FastQuote_Main.jsp?txtBrokerId=IPO&selectPage=1&txtSymbol=UV
UVAN,บริษัท ยูนิวานิชน้ำมันปาล์ม จำกัด (มหาชน),SET,/C13_FastQuote_Main.jsp?txtBrokerId=IPO&selectPage=1&txtSymbol=UVAN
UAC,บริษัท ยูเอซี โกลบอล จำกัด (มหาชน),MAI,/C13_FastQuote_Main.jsp?txtBrokerId=IPO&selectPage=1&txtSymbol=UAC
UBIS,บริษัท ยูบิส (เอเชีย) จำกัด (มหาชน),MAI,/C13_FastQuote_Main.jsp?txtBrokerId=IPO&selectPage=1&txtSymbol=UBIS
UEC,บริษัท ยูนิมิต เอนจิเนียริ่ง จำกัด (มหาชน),MAI,/C13_FastQuote_Main.jsp?txtBrokerId=IPO&selectPage=1&txtSymbol=UEC
UKEM,บริษัท ยูเนี่ยน ปิโตรเคมีคอล จำกัด (มหาชน),MAI,/C13_FastQuote_Main.jsp?txtBrokerId=IPO&selectPage=1&txtSymbol=UKEM
UMS,บริษัท ยูนิค ไมนิ่ง เซอร์วิสเซส จำกัด (มหาชน),MAI,/C13_FastQuote_Main.jsp?txtBrokerId=IPO&selectPage=1&txtSymbol=UMS
UPA,บริษัท ยูไนเต็ด เพาเวอร์ ออฟ เอเชีย จำกัด (มหาชน),MAI,/C13_FastQuote_Main.jsp?txtBrokerId=IPO&selectPage=1&txtSymbol=UPA
UREKA,บริษัท ยูเรกา ดีไซน์ จำกัด (มหาชน),MAI,/C13_FastQuote_Main.jsp?txtBrokerId=IPO&selectPage=1&txtSymbol=UREKA
UWC,บริษัท เอื้อวิทยา จำกัด (มหาชน),MAI,/C13_FastQuote_Main.jsp?txtBrokerId=IPO&selectPage=1&txtSymbol=UWC
XO,บริษัท เอ็กโซติค ฟู้ด จำกัด (มหาชน),MAI,/C13_FastQuote_Main.jsp?txtBrokerId=IPO&selectPage=1&txtSymbol=XO
TAE,บริษัท ไทย อะโกร เอ็นเนอร์ยี่ จำกัด (มหาชน),SET,/C13_FastQuote_Main.jsp?txtBrokerId=IPO&selectPage=1&txtSymbol=TAE
TASCO,บริษัท ทิปโก้แอสฟัลท์ จำกัด (มหาชน),SET,/C13_FastQuote_Main.jsp?txtBrokerId=IPO&selectPage=1&txtSymbol=TASCO
TBSP,บริษัท ไทยบริติช ซีเคียวริตี้ พริ้นติ้ง จำกัด (มหาชน),SET,/C13_FastQuote_Main.jsp?txtBrokerId=IPO&selectPage=1&txtSymbol=TBSP
TC,บริษัท ทรอปิคอลแคนนิ่ง (ประเทศไทย) จำกัด (มหาชน),SET,/C13_FastQuote_Main.jsp?txtBrokerId=IPO&selectPage=1&txtSymbol=TC
TCAP,บริษัท ทุนธนชาต จำกัด (มหาชน),SET,/C13_FastQuote_Main.jsp?txtBrokerId=IPO&selectPage=1&txtSymbol=TCAP
TCB,บริษัท ไทยคาร์บอนแบล็ค จำกัด (มหาชน),SET,/C13_FastQuote_Main.jsp?txtBrokerId=IPO&selectPage=1&txtSymbol=TCB
TCC,บริษัท ไทย แคปปิตอล คอร์ปอเรชั่น จำกัด (มหาชน),SET,/C13_FastQuote_Main.jsp?txtBrokerId=IPO&selectPage=1&txtSymbol=TCC
TCCC,บริษัท ไทยเซ็นทรัลเคมี จำกัด (มหาชน),SET,/C13_FastQuote_Main.jsp?txtBrokerId=IPO&selectPage=1&txtSymbol=TCCC
TCJ,บริษัท ที.ซี.เจ.เอเซีย จำกัด (มหาชน),SET,/C13_FastQuote_Main.jsp?txtBrokerId=IPO&selectPage=1&txtSymbol=TCJ
TCMC,บริษัท ทีซีเอ็ม คอร์ปอเรชั่น จำกัด (มหาชน),SET,/C13_FastQuote_Main.jsp?txtBrokerId=IPO&selectPage=1&txtSymbol=TCMC
TCOAT,บริษัท อุตสาหกรรมผ้าเคลือบพลาสติกไทย จำกัด (มหาชน),SET,/C13_FastQuote_Main.jsp?txtBrokerId=IPO&selectPage=1&txtSymbol=TCOAT
TEAM,บริษัท ทีมพรีซิชั่น จำกัด (มหาชน),SET,/C13_FastQuote_Main.jsp?txtBrokerId=IPO&selectPage=1&txtSymbol=TEAM
TFD,บริษัท ไทยพัฒนาโรงงานอุตสาหกรรม จำกัด (มหาชน),SET,/C13_FastQuote_Main.jsp?txtBrokerId=IPO&selectPage=1&txtSymbol=TFD
TFG,บริษัท ไทยฟู้ดส์ กรุ๊ป จำกัด (มหาชน),SET,/C13_FastQuote_Main.jsp?txtBrokerId=IPO&selectPage=1&txtSymbol=TFG
TFI,บริษัท ไทยฟิล์มอินดัสตรี่ จำกัด (มหาชน),SET,/C13_FastQuote_Main.jsp?txtBrokerId=IPO&selectPage=1&txtSymbol=TFI
TFMAMA,บริษัท ไทยเพรซิเดนท์ฟูดส์ จำกัด (มหาชน),SET,/C13_FastQuote_Main.jsp?txtBrokerId=IPO&selectPage=1&txtSymbol=TFMAMA
TFUND,กองทุนรวมอสังหาริมทรัพย์ไทคอน,SET,/C13_FastQuote_Main.jsp?txtBrokerId=IPO&selectPage=1&txtSymbol=TFUND
TGCI,บริษัท ไทย-เยอรมัน เซรามิค อินดัสทรี่ จำกัด (มหาชน),SET,/C13_FastQuote_Main.jsp?txtBrokerId=IPO&selectPage=1&txtSymbol=TGCI
TGPRO,บริษัท ไทย-เยอรมัน โปรดักส์ จำกัด (มหาชน),SET,/C13_FastQuote_Main.jsp?txtBrokerId=IPO&selectPage=1&txtSymbol=TGPRO
TGROWTH,กองทุนรวมสิทธิการเช่าอสังหาริมทรัพย์ไทคอน อินดัสเทรียล โกรท,SET,/C13_FastQuote_Main.jsp?txtBrokerId=IPO&selectPage=1&txtSymbol=TGROWTH
TH,บริษัท ตงฮั้ว โฮลดิ้ง จำกัด (มหาชน),SET,/C13_FastQuote_Main.jsp?txtBrokerId=IPO&selectPage=1&txtSymbol=TH
THAI,บริษัท การบินไทย จำกัด (มหาชน),SET,/C13_FastQuote_Main.jsp?txtBrokerId=IPO&selectPage=1&txtSymbol=THAI
THANI,บริษัท ราชธานีลิสซิ่ง จำกัด (มหาชน),SET,/C13_FastQuote_Main.jsp?txtBrokerId=IPO&selectPage=1&txtSymbol=THANI
THCOM,บริษัท ไทยคม จำกัด (มหาชน),SET,/C13_FastQuote_Main.jsp?txtBrokerId=IPO&selectPage=1&txtSymbol=THCOM
THE,บริษัท เดอะ สตีล จำกัด (มหาชน),SET,/C13_FastQuote_Main.jsp?txtBrokerId=IPO&selectPage=1&txtSymbol=THE
THG,บริษัท ธนบุรี เฮลท์แคร์ กรุ๊ป จำกัด (มหาชน),SET,/C13_FastQuote_Main.jsp?txtBrokerId=IPO&selectPage=1&txtSymbol=THG
THIP,บริษัท ทานตะวันอุตสาหกรรม จำกัด (มหาชน),SET,/C13_FastQuote_Main.jsp?txtBrokerId=IPO&selectPage=1&txtSymbol=THIP
THRE,บริษัท ไทยรับประกันภัยต่อ จำกัด (มหาชน),SET,/C13_FastQuote_Main.jsp?txtBrokerId=IPO&selectPage=1&txtSymbol=THRE
THREL,บริษัท ไทยรีประกันชีวิต จำกัด (มหาชน),SET,/C13_FastQuote_Main.jsp?txtBrokerId=IPO&selectPage=1&txtSymbol=THREL
TIC,บริษัท ไทยประกันภัย จำกัด (มหาชน),SET,/C13_FastQuote_Main.jsp?txtBrokerId=IPO&selectPage=1&txtSymbol=TIC
TICON,บริษัท ไทคอน อินดัสเทรียล คอนเน็คชั่น จำกัด (มหาชน),SET,/C13_FastQuote_Main.jsp?txtBrokerId=IPO&selectPage=1&txtSymbol=TICON
TIF1,กองทุนรวมอสังหาริมทรัพย์ไทยอินดัสเตรียล 1,SET,/C13_FastQuote_Main.jsp?txtBrokerId=IPO&selectPage=1&txtSymbol=TIF1
TIP,บริษัท ทิพยประกันภัย จำกัด (มหาชน),SET,/C13_FastQuote_Main.jsp?txtBrokerId=IPO&selectPage=1&txtSymbol=TIP
TIPCO,บริษัท ทิปโก้ฟูดส์ จำกัด (มหาชน),SET,/C13_FastQuote_Main.jsp?txtBrokerId=IPO&selectPage=1&txtSymbol=TIPCO
TISCO,บริษัท ทิสโก้ไฟแนนเชียลกรุ๊ป จำกัด (มหาชน),SET,/C13_FastQuote_Main.jsp?txtBrokerId=IPO&selectPage=1&txtSymbol=TISCO
TIW,บริษัท ไทยแลนด์ไอออนเวิคส์ จำกัด (มหาชน),SET,/C13_FastQuote_Main.jsp?txtBrokerId=IPO&selectPage=1&txtSymbol=TIW
TK,บริษัท ฐิติกร จำกัด (มหาชน),SET,/C13_FastQuote_Main.jsp?txtBrokerId=IPO&selectPage=1&txtSymbol=TK
TKN,บริษัท เถ้าแก่น้อย ฟู๊ดแอนด์มาร์เก็ตติ้ง จำกัด (มหาชน),SET,/C13_FastQuote_Main.jsp?txtBrokerId=IPO&selectPage=1&txtSymbol=TKN
TKS,บริษัท ที.เค.เอส. เทคโนโลยี จำกัด (มหาชน),SET,/C13_FastQuote_Main.jsp?txtBrokerId=IPO&selectPage=1&txtSymbol=TKS
TKT,บริษัท ที.กรุงไทยอุตสาหกรรม จำกัด (มหาชน),SET,/C13_FastQuote_Main.jsp?txtBrokerId=IPO&selectPage=1&txtSymbol=TKT
TLGF,กองทุนรวมอสังหาริมทรัพย์และสิทธิการเช่าเทสโก้ โลตัส รีเทล โกรท,SET,/C13_FastQuote_Main.jsp?txtBrokerId=IPO&selectPage=1&txtSymbol=TLGF
TLHPF,กองทุนรวมอสังหาริมทรัพย์ ไทยแลนด์ โฮสพีทาลิตี้,SET,/C13_FastQuote_Main.jsp?txtBrokerId=IPO&selectPage=1&txtSymbol=TLHPF
TLOGIS,กองทุนรวมอสังหาริมทรัพย์ทีพาร์คโลจิสติคส์,SET,/C13_FastQuote_Main.jsp?txtBrokerId=IPO&selectPage=1&txtSymbol=TLOGIS
TLUXE,บริษัท ไทยลักซ์ เอ็นเตอร์ไพรส์ จำกัด (มหาชน),SET,/C13_FastQuote_Main.jsp?txtBrokerId=IPO&selectPage=1&txtSymbol=TLUXE
TMB,ธนาคารทหารไทย จำกัด (มหาชน),SET,/C13_FastQuote_Main.jsp?txtBrokerId=IPO&selectPage=1&txtSymbol=TMB
TMD,บริษัท อุตสาหกรรมถังโลหะไทย จำกัด (มหาชน),SET,/C13_FastQuote_Main.jsp?txtBrokerId=IPO&selectPage=1&txtSymbol=TMD
TMT,บริษัท ค้าเหล็กไทย จำกัด (มหาชน),SET,/C13_FastQuote_Main.jsp?txtBrokerId=IPO&selectPage=1&txtSymbol=TMT
TNITY,บริษัท ทรีนีตี้ วัฒนา จำกัด (มหาชน),SET,/C13_FastQuote_Main.jsp?txtBrokerId=IPO&selectPage=1&txtSymbol=TNITY
TNL,บริษัท ธนูลักษณ์ จำกัด (มหาชน),SET,/C13_FastQuote_Main.jsp?txtBrokerId=IPO&selectPage=1&txtSymbol=TNL
TNPC,บริษัท ไทยนามพลาสติกส์ จำกัด (มหาชน),SET,/C13_FastQuote_Main.jsp?txtBrokerId=IPO&selectPage=1&txtSymbol=TNPC
TNPF,กองทุนรวมอสังหาริมทรัพย์และสิทธิการเช่าตรีนิตี้,SET,/C13_FastQuote_Main.jsp?txtBrokerId=IPO&selectPage=1&txtSymbol=TNPF
TNR,บริษัท ไทยนิปปอนรับเบอร์อินดัสตรี้ จำกัด (มหาชน),SET,/C13_FastQuote_Main.jsp?txtBrokerId=IPO&selectPage=1&txtSymbol=TNR
TOA,บริษัท ทีโอเอ เพ้นท์ (ประเทศไทย) จำกัด (มหาชน),SET,/C13_FastQuote_Main.jsp?txtBrokerId=IPO&selectPage=1&txtSymbol=TOA
TOG,บริษัท ไทยออพติคอล กรุ๊ป จำกัด (มหาชน),SET,/C13_FastQuote_Main.jsp?txtBrokerId=IPO&selectPage=1&txtSymbol=TOG
TOP,บริษัท ไทยออยล์ จำกัด (มหาชน),SET,/C13_FastQuote_Main.jsp?txtBrokerId=IPO&selectPage=1&txtSymbol=TOP
TOPP,บริษัท ไทย โอ.พี.พี. จำกัด (มหาชน),SET,/C13_FastQuote_Main.jsp?txtBrokerId=IPO&selectPage=1&txtSymbol=TOPP
TPA,บริษัท ไทยโพลีอะคริลิค จำกัด (มหาชน),SET,/C13_FastQuote_Main.jsp?txtBrokerId=IPO&selectPage=1&txtSymbol=TPA
TPBI,บริษัท ทีพีบีไอ จำกัด (มหาชน),SET,/C13_FastQuote_Main.jsp?txtBrokerId=IPO&selectPage=1&txtSymbol=TPBI
TPCORP,บริษัท เท็กซ์ไทล์เพรสทีจ จำกัด (มหาชน),SET,/C13_FastQuote_Main.jsp?txtBrokerId=IPO&selectPage=1&txtSymbol=TPCORP
TPIPL,บริษัท ทีพีไอ โพลีน จำกัด (มหาชน),SET,/C13_FastQuote_Main.jsp?txtBrokerId=IPO&selectPage=1&txtSymbol=TPIPL
TPIPP,บริษัท ทีพีไอ โพลีน เพาเวอร์ จำกัด (มหาชน),SET,/C13_FastQuote_Main.jsp?txtBrokerId=IPO&selectPage=1&txtSymbol=TPIPP
TPOLY,บริษัท ไทยโพลีคอนส์ จำกัด (มหาชน),SET,/C13_FastQuote_Main.jsp?txtBrokerId=IPO&selectPage=1&txtSymbol=TPOLY
TPP,บริษัท ไทยบรรจุภัณฑ์และการพิมพ์ จำกัด (มหาชน),SET,/C13_FastQuote_Main.jsp?txtBrokerId=IPO&selectPage=1&txtSymbol=TPP
TPRIME,ทรัสต์เพื่อการลงทุนในอสังหาริมทรัพย์และสิทธิการเช่าไทยแลนด์ ไพร์ม พร็อพเพอร์ตี้,SET,/C13_FastQuote_Main.jsp?txtBrokerId=IPO&selectPage=1&txtSymbol=TPRIME
TR,บริษัท ไทยเรยอน จำกัด (มหาชน),SET,/C13_FastQuote_Main.jsp?txtBrokerId=IPO&selectPage=1&txtSymbol=TR
TRC,บริษัท ทีอาร์ซี คอนสตรัคชั่น จำกัด (มหาชน),SET,/C13_FastQuote_Main.jsp?txtBrokerId=IPO&selectPage=1&txtSymbol=TRC
TREIT,ทรัสต์เพื่อการลงทุนในอสังหาริมทรัพย์และสิทธิการเช่าอสังหาริมทรัพย์ไทคอน,SET,/C13_FastQuote_Main.jsp?txtBrokerId=IPO&selectPage=1&txtSymbol=TREIT
TRITN,บริษัท ไทรทัน โฮลดิ้ง จำกัด (มหาชน),SET,/C13_FastQuote_Main.jsp?txtBrokerId=IPO&selectPage=1&txtSymbol=TRITN
TRU,บริษัท ไทยรุ่งยูเนียนคาร์ จำกัด (มหาชน),SET,/C13_FastQuote_Main.jsp?txtBrokerId=IPO&selectPage=1&txtSymbol=TRU
TRUBB,บริษัท ไทยรับเบอร์ลาเท็คซ์คอร์ปอร์เรชั่น (ประเทศไทย) จำกัด (มหาชน),SET,/C13_FastQuote_Main.jsp?txtBrokerId=IPO&selectPage=1&txtSymbol=TRUBB
TRUE,บริษัท ทรู คอร์ปอเรชั่น จำกัด (มหาชน),SET,/C13_FastQuote_Main.jsp?txtBrokerId=IPO&selectPage=1&txtSymbol=TRUE
TSC,บริษัท ไทยสตีลเคเบิล จำกัด (มหาชน),SET,/C13_FastQuote_Main.jsp?txtBrokerId=IPO&selectPage=1&txtSymbol=TSC
TSI,บริษัท ไทยเศรษฐกิจประกันภัย จำกัด (มหาชน),SET,/C13_FastQuote_Main.jsp?txtBrokerId=IPO&selectPage=1&txtSymbol=TSI
TSR,บริษัท เธียรสุรัตน์ จำกัด (มหาชน),SET,/C13_FastQuote_Main.jsp?txtBrokerId=IPO&selectPage=1&txtSymbol=TSR
TSTE,บริษัท ไทยชูการ์ เทอร์มิเนิ้ล จำกัด (มหาชน),SET,/C13_FastQuote_Main.jsp?txtBrokerId=IPO&selectPage=1&txtSymbol=TSTE
TSTH,บริษัท ทาทา สตีล (ประเทศไทย) จำกัด (มหาชน),SET,/C13_FastQuote_Main.jsp?txtBrokerId=IPO&selectPage=1&txtSymbol=TSTH
TTA,บริษัท โทรีเซนไทย เอเยนต์ซีส์ จำกัด (มหาชน),SET,/C13_FastQuote_Main.jsp?txtBrokerId=IPO&selectPage=1&txtSymbol=TTA
TTCL,บริษัท ทีทีซีแอล จำกัด (มหาชน),SET,/C13_FastQuote_Main.jsp?txtBrokerId=IPO&selectPage=1&txtSymbol=TTCL
TTI,บริษัท โรงงานผ้าไทย จำกัด (มหาชน),SET,/C13_FastQuote_Main.jsp?txtBrokerId=IPO&selectPage=1&txtSymbol=TTI
TTLPF,กองทุนรวมสิทธิการเช่าอสังหาริมทรัพย์ตลาดไท,SET,/C13_FastQuote_Main.jsp?txtBrokerId=IPO&selectPage=1&txtSymbol=TTLPF
TTTM,บริษัท ไทยโทเรเท็กซ์ไทล์มิลลส์ จำกัด (มหาชน),SET,/C13_FastQuote_Main.jsp?txtBrokerId=IPO&selectPage=1&txtSymbol=TTTM
TTW,บริษัท ทีทีดับบลิว จำกัด (มหาชน),SET,/C13_FastQuote_Main.jsp?txtBrokerId=IPO&selectPage=1&txtSymbol=TTW
TU,บริษัท ไทยยูเนี่ยน กรุ๊ป จำกัด (มหาชน),SET,/C13_FastQuote_Main.jsp?txtBrokerId=IPO&selectPage=1&txtSymbol=TU
TU-PF,กองทุนรวมสิทธิการเช่าอสังหาริมทรัพย์ ที ยู โดม เรสซิเดนท์เชียล คอมเพล็กซ์,SET,/C13_FastQuote_Main.jsp?txtBrokerId=IPO&selectPage=1&txtSymbol=TU-PF
TVI,บริษัท ประกันภัยไทยวิวัฒน์ จำกัด (มหาชน),SET,/C13_FastQuote_Main.jsp?txtBrokerId=IPO&selectPage=1&txtSymbol=TVI
TVO,บริษัท น้ำมันพืชไทย จำกัด (มหาชน),SET,/C13_FastQuote_Main.jsp?txtBrokerId=IPO&selectPage=1&txtSymbol=TVO
TWP,บริษัท ไทยไวร์โพรดัคท์ จำกัด (มหาชน),SET,/C13_FastQuote_Main.jsp?txtBrokerId=IPO&selectPage=1&txtSymbol=TWP
TWPC,บริษัท ไทยวา จำกัด (มหาชน),SET,/C13_FastQuote_Main.jsp?txtBrokerId=IPO&selectPage=1&txtSymbol=TWPC
TWZ,บริษัท ทีดับบลิวแซด คอร์ปอเรชั่น จำกัด (มหาชน),SET,/C13_FastQuote_Main.jsp?txtBrokerId=IPO&selectPage=1&txtSymbol=TWZ
TYCN,บริษัทไทยคูน เวิลด์ไวด์ กรุ๊ป (ประเทศไทย) จำกัด (มหาชน),SET,/C13_FastQuote_Main.jsp?txtBrokerId=IPO&selectPage=1&txtSymbol=TYCN
T,บริษัท ที เอ็นจิเนียร์ริ่ง คอร์เปอร์เรชั่น จำกัด (มหาชน),MAI,/C13_FastQuote_Main.jsp?txtBrokerId=IPO&selectPage=1&txtSymbol=T
TACC,บริษัท ที.เอ.ซี. คอนซูเมอร์ จำกัด (มหาชน),MAI,/C13_FastQuote_Main.jsp?txtBrokerId=IPO&selectPage=1&txtSymbol=TACC
TAKUNI,บริษัท ทาคูนิ กรุ๊ป จำกัด (มหาชน),MAI,/C13_FastQuote_Main.jsp?txtBrokerId=IPO&selectPage=1&txtSymbol=TAKUNI
TAPAC,บริษัท ทาพาโก้ จำกัด (มหาชน),MAI,/C13_FastQuote_Main.jsp?txtBrokerId=IPO&selectPage=1&txtSymbol=TAPAC
THANA,บริษัท ธนาสิริ กรุ๊ป จำกัด (มหาชน),MAI,/C13_FastQuote_Main.jsp?txtBrokerId=IPO&selectPage=1&txtSymbol=THANA
THMUI,บริษัท ไทยมุ้ย คอร์ปอเรชั่น จำกัด (มหาชน),MAI,/C13_FastQuote_Main.jsp?txtBrokerId=IPO&selectPage=1&txtSymbol=THMUI
TITLE,บริษัท ร่มโพธิ์ พร็อพเพอร์ตี้ จำกัด (มหาชน),MAI,/C13_FastQuote_Main.jsp?txtBrokerId=IPO&selectPage=1&txtSymbol=TITLE
TM,บริษัท เทคโนเมดิคัล จำกัด (มหาชน),MAI,/C13_FastQuote_Main.jsp?txtBrokerId=IPO&selectPage=1&txtSymbol=TM
TMC,บริษัท ที.เอ็ม.ซี. อุตสาหกรรม จำกัด (มหาชน),MAI,/C13_FastQuote_Main.jsp?txtBrokerId=IPO&selectPage=1&txtSymbol=TMC
TMI,บริษัท ธีระมงคล อุตสาหกรรม จำกัด (มหาชน),MAI,/C13_FastQuote_Main.jsp?txtBrokerId=IPO&selectPage=1&txtSymbol=TMI
TMILL,บริษัท ที เอส ฟลาวมิลล์ จำกัด (มหาชน),MAI,/C13_FastQuote_Main.jsp?txtBrokerId=IPO&selectPage=1&txtSymbol=TMILL
TMW,บริษัท ไทยมิตซูวา จำกัด (มหาชน),MAI,/C13_FastQuote_Main.jsp?txtBrokerId=IPO&selectPage=1&txtSymbol=TMW
TNDT,บริษัท ไทย เอ็น ดี ที จำกัด (มหาชน),MAI,/C13_FastQuote_Main.jsp?txtBrokerId=IPO&selectPage=1&txtSymbol=TNDT
TNH,บริษัท โรงพยาบาลไทยนครินทร์ จำกัด (มหาชน),MAI,/C13_FastQuote_Main.jsp?txtBrokerId=IPO&selectPage=1&txtSymbol=TNH
TNP,บริษัท ธนพิริยะ จำกัด (มหาชน),MAI,/C13_FastQuote_Main.jsp?txtBrokerId=IPO&selectPage=1&txtSymbol=TNP
TPAC,บริษัท พลาสติค และหีบห่อไทย จำกัด (มหาชน),MAI,/C13_FastQuote_Main.jsp?txtBrokerId=IPO&selectPage=1&txtSymbol=TPAC
TPCH,บริษัท ทีพีซี เพาเวอร์โฮลดิ้ง จำกัด (มหาชน),MAI,/C13_FastQuote_Main.jsp?txtBrokerId=IPO&selectPage=1&txtSymbol=TPCH
TRT,บริษัท ถิรไทย จำกัด (มหาชน),MAI,/C13_FastQuote_Main.jsp?txtBrokerId=IPO&selectPage=1&txtSymbol=TRT
TSE,บริษัท ไทย โซล่าร์ เอ็นเนอร์ยี่ จำกัด (มหาชน),MAI,/C13_FastQuote_Main.jsp?txtBrokerId=IPO&selectPage=1&txtSymbol=TSE
TSF,บริษัท ทรีซิกตี้ไฟว์ จำกัด (มหาชน),MAI,/C13_FastQuote_Main.jsp?txtBrokerId=IPO&selectPage=1&txtSymbol=TSF
TVD,บริษัท ทีวี ไดเร็ค จำกัด (มหาชน),MAI,/C13_FastQuote_Main.jsp?txtBrokerId=IPO&selectPage=1&txtSymbol=TVD
TVT,บริษัท ทีวี ธันเดอร์ จำกัด (มหาชน),MAI,/C13_FastQuote_Main.jsp?txtBrokerId=IPO&selectPage=1&txtSymbol=TVT
YUASA,บริษัท ยัวซ่าแบตเตอรี่ ประเทศไทย จำกัด (มหาชน),MAI,/C13_FastQuote_Main.jsp?txtBrokerId=IPO&selectPage=1&txtSymbol=YUASA
ZMICO,บริษัทหลักทรัพย์ ซีมิโก้ จำกัด (มหาชน),SET,/C13_FastQuote_Main.jsp?txtBrokerId=IPO&selectPage=1&txtSymbol=ZMICO
ZIGA,บริษัท ซิก้า อินโนเวชั่น จำกัด (มหาชน),MAI,/C13_FastQuote_Main.jsp?txtBrokerId=IPO&selectPage=1&txtSymbol=ZIGA
