A,/C13_FastQuote_Main.jsp?txtBrokerId=IPO&selectPage=1&txtSymbol=A,บริษัท อารียา พรอพเพอร์ตี้ จำกัด (มหาชน),SET
AAV,/C13_FastQuote_Main.jsp?txtBrokerId=IPO&selectPage=1&txtSymbol=AAV,บริษัท เอเชีย เอวิเอชั่น จำกัด (มหาชน),SET
ABPIF,/C13_FastQuote_Main.jsp?txtBrokerId=IPO&selectPage=1&txtSymbol=ABPIF,กองทุนรวมโครงสร้างพื้นฐานโรงไฟฟ้า อมตะ บี.กริม เพาเวอร์,SET
ACC,/C13_FastQuote_Main.jsp?txtBrokerId=IPO&selectPage=1&txtSymbol=ACC,บริษัท แอดวานซ์ คอนเนคชั่น คอร์ปอเรชั่น จำกัด (มหาชน),SET
ADVANC,/C13_FastQuote_Main.jsp?txtBrokerId=IPO&selectPage=1&txtSymbol=ADVANC,บริษัท แอดวานซ์ อินโฟร์ เซอร์วิส จำกัด (มหาชน),SET
AEC,/C13_FastQuote_Main.jsp?txtBrokerId=IPO&selectPage=1&txtSymbol=AEC,บริษัทหลักทรัพย์ เออีซี จำกัด (มหาชน),SET
AEONTS,/C13_FastQuote_Main.jsp?txtBrokerId=IPO&selectPage=1&txtSymbol=AEONTS,บริษัท อิออน ธนสินทรัพย์ (ไทยแลนด์) จำกัด (มหาชน),SET
AFC,/C13_FastQuote_Main.jsp?txtBrokerId=IPO&selectPage=1&txtSymbol=AFC,บริษัท เอเซียไฟเบอร์ จำกัด (มหาชน),SET
AH,/C13_FastQuote_Main.jsp?txtBrokerId=IPO&selectPage=1&txtSymbol=AH,บริษัท อาปิโก ไฮเทค จำกัด (มหาชน),SET
AHC,/C13_FastQuote_Main.jsp?txtBrokerId=IPO&selectPage=1&txtSymbol=AHC,บริษัท โรงพยาบาลเอกชล จำกัด (มหาชน),SET
AIT,/C13_FastQuote_Main.jsp?txtBrokerId=IPO&selectPage=1&txtSymbol=AIT,บริษัท แอ็ดวานซ์ อินฟอร์เมชั่น เทคโนโลยี จำกัด (มหาชน),SET
AJ,/C13_FastQuote_Main.jsp?txtBrokerId=IPO&selectPage=1&txtSymbol=AJ,บริษัท เอ.เจ.พลาสท์ จำกัด (มหาชน),SET
AJA,/C13_FastQuote_Main.jsp?txtBrokerId=IPO&selectPage=1&txtSymbol=AJA,บริษัท เอเจ แอดวานซ์ เทคโนโลยี จำกัด (มหาชน),SET
AKR,/C13_FastQuote_Main.jsp?txtBrokerId=IPO&selectPage=1&txtSymbol=AKR,บริษัท เอกรัฐวิศวกรรม จำกัด (มหาชน),SET
ALLA,/C13_FastQuote_Main.jsp?txtBrokerId=IPO&selectPage=1&txtSymbol=ALLA,บริษัท ออลล่า จำกัด (มหาชน),SET
ALT,/C13_FastQuote_Main.jsp?txtBrokerId=IPO&selectPage=1&txtSymbol=ALT,บริษัท เอแอลที เทเลคอม จำกัด (มหาชน),SET
ALUCON,/C13_FastQuote_Main.jsp?txtBrokerId=IPO&selectPage=1&txtSymbol=ALUCON,บริษัท อลูคอน จำกัด (มหาชน),SET
AMANAH,/C13_FastQuote_Main.jsp?txtBrokerId=IPO&selectPage=1&txtSymbol=AMANAH,บริษัท อะมานะฮ์ ลิสซิ่ง จำกัด (มหาชน),SET
AMARIN,/C13_FastQuote_Main.jsp?txtBrokerId=IPO&selectPage=1&txtSymbol=AMARIN,บริษัท อมรินทร์พริ้นติ้ง แอนด์ พับลิชชิ่ง จำกัด (มหาชน),SET
AMATA,/C13_FastQuote_Main.jsp?txtBrokerId=IPO&selectPage=1&txtSymbol=AMATA,บริษัท อมตะ คอร์ปอเรชัน จำกัด (มหาชน),SET
AMATAR,/C13_FastQuote_Main.jsp?txtBrokerId=IPO&selectPage=1&txtSymbol=AMATAR,ทรัสต์เพื่อการลงทุนในอสังหาริมทรัพย์และสิทธิการเช่าอมตะซัมมิทโกรท,SET
AMATAV,/C13_FastQuote_Main.jsp?txtBrokerId=IPO&selectPage=1&txtSymbol=AMATAV,บริษัท อมตะ วีเอ็น จำกัด (มหาชน),SET
AMC,/C13_FastQuote_Main.jsp?txtBrokerId=IPO&selectPage=1&txtSymbol=AMC,บริษัท เอเซีย เมทัล จำกัด (มหาชน),SET
ANAN,/C13_FastQuote_Main.jsp?txtBrokerId=IPO&selectPage=1&txtSymbol=ANAN,บริษัท อนันดา ดีเวลลอปเม้นท์ จำกัด (มหาชน),SET
AOT,/C13_FastQuote_Main.jsp?txtBrokerId=IPO&selectPage=1&txtSymbol=AOT,บริษัท ท่าอากาศยานไทย จำกัด (มหาชน),SET
AP,/C13_FastQuote_Main.jsp?txtBrokerId=IPO&selectPage=1&txtSymbol=AP,บริษัท เอพี (ไทยแลนด์) จำกัด (มหาชน),SET
APCS,/C13_FastQuote_Main.jsp?txtBrokerId=IPO&selectPage=1&txtSymbol=APCS,บริษัท เอเซีย พรีซิชั่น จำกัด (มหาชน),SET
APEX,/C13_FastQuote_Main.jsp?txtBrokerId=IPO&selectPage=1&txtSymbol=APEX,บริษัท เอเพ็กซ์ ดีเวลลอปเม้นท์ จำกัด (มหาชน),SET
APURE,/C13_FastQuote_Main.jsp?txtBrokerId=IPO&selectPage=1&txtSymbol=APURE,บริษัท อกริเพียว โฮลดิ้งส์ จำกัด (มหาชน),SET
AQ,/C13_FastQuote_Main.jsp?txtBrokerId=IPO&selectPage=1&txtSymbol=AQ,บริษัท เอคิว เอสเตท จำกัด (มหาชน),SET
AQUA,/C13_FastQuote_Main.jsp?txtBrokerId=IPO&selectPage=1&txtSymbol=AQUA,บริษัท อควา คอร์เปอเรชั่น จำกัด (มหาชน),SET
AS,/C13_FastQuote_Main.jsp?txtBrokerId=IPO&selectPage=1&txtSymbol=AS,บริษัท เอเชียซอฟท์ คอร์ปอเรชั่น จำกัด (มหาชน),SET
ASAP,/C13_FastQuote_Main.jsp?txtBrokerId=IPO&selectPage=1&txtSymbol=ASAP,บริษัท ซินเนอร์เจติค ออโต้ เพอร์ฟอร์มานซ์ จำกัด (มหาชน),SET
ASEFA,/C13_FastQuote_Main.jsp?txtBrokerId=IPO&selectPage=1&txtSymbol=ASEFA,บริษัท อาซีฟา จำกัด (มหาชน),SET
ASIA,/C13_FastQuote_Main.jsp?txtBrokerId=IPO&selectPage=1&txtSymbol=ASIA,บริษัท เอเชียโฮเต็ล จำกัด (มหาชน),SET
ASIAN,/C13_FastQuote_Main.jsp?txtBrokerId=IPO&selectPage=1&txtSymbol=ASIAN,บริษัท ห้องเย็นเอเชี่ยน ซีฟู้ด จำกัด (มหาชน),SET
ASIMAR,/C13_FastQuote_Main.jsp?txtBrokerId=IPO&selectPage=1&txtSymbol=ASIMAR,บริษัท เอเชียน มารีน เซอร์วิสส์ จำกัด (มหาชน),SET
ASK,/C13_FastQuote_Main.jsp?txtBrokerId=IPO&selectPage=1&txtSymbol=ASK,บริษัท เอเซียเสริมกิจลีสซิ่ง จำกัด (มหาชน),SET
ASP,/C13_FastQuote_Main.jsp?txtBrokerId=IPO&selectPage=1&txtSymbol=ASP,บริษัท เอเซีย พลัส กรุ๊ป โฮลดิ้งส์ จำกัด (มหาชน),SET
AYUD,/C13_FastQuote_Main.jsp?txtBrokerId=IPO&selectPage=1&txtSymbol=AYUD,บริษัท ศรีอยุธยา แคปปิตอล จำกัด (มหาชน),SET
ABICO,/C13_FastQuote_Main.jsp?txtBrokerId=IPO&selectPage=1&txtSymbol=ABICO,บริษัท เอบิโก้ โฮลดิ้งส์ จำกัด (มหาชน),MAI
ACAP,/C13_FastQuote_Main.jsp?txtBrokerId=IPO&selectPage=1&txtSymbol=ACAP,บริษัท เอเชีย แคปปิตอล กรุ๊ป จำกัด (มหาชน),MAI
ADB,/C13_FastQuote_Main.jsp?txtBrokerId=IPO&selectPage=1&txtSymbol=ADB,บริษัท แอ็พพลาย ดีบี จำกัด (มหาชน),MAI
AF,/C13_FastQuote_Main.jsp?txtBrokerId=IPO&selectPage=1&txtSymbol=AF,บริษัท ไอร่า แฟคตอริ่ง จำกัด (มหาชน),MAI
AGE,/C13_FastQuote_Main.jsp?txtBrokerId=IPO&selectPage=1&txtSymbol=AGE,บริษัท เอเชีย กรีน เอนเนอจี จำกัด (มหาชน),MAI
AIRA,/C13_FastQuote_Main.jsp?txtBrokerId=IPO&selectPage=1&txtSymbol=AIRA,บริษัท ไอร่า แคปปิตอล จำกัด (มหาชน),MAI
AKP,/C13_FastQuote_Main.jsp?txtBrokerId=IPO&selectPage=1&txtSymbol=AKP,บริษัท อัคคีปราการ จำกัด (มหาชน),MAI
AMA,/C13_FastQuote_Main.jsp?txtBrokerId=IPO&selectPage=1&txtSymbol=AMA,บริษัท อาม่า มารีน จำกัด (มหาชน),MAI
APCO,/C13_FastQuote_Main.jsp?txtBrokerId=IPO&selectPage=1&txtSymbol=APCO,บริษัท เอเชียน ไฟย์โตซูติคอลส์ จำกัด (มหาชน),MAI
ARIP,/C13_FastQuote_Main.jsp?txtBrokerId=IPO&selectPage=1&txtSymbol=ARIP,บริษัท เออาร์ไอพี จำกัด (มหาชน),MAI
ARROW,/C13_FastQuote_Main.jsp?txtBrokerId=IPO&selectPage=1&txtSymbol=ARROW,บริษัท แอร์โรว์ ซินดิเคท จำกัด (มหาชน),MAI
ASN,/C13_FastQuote_Main.jsp?txtBrokerId=IPO&selectPage=1&txtSymbol=ASN,บริษัท เอเอสเอ็น โบรกเกอร์ จำกัด (มหาชน),MAI
ATP30,/C13_FastQuote_Main.jsp?txtBrokerId=IPO&selectPage=1&txtSymbol=ATP30,บริษัท เอทีพี 30 จำกัด (มหาชน),MAI
AU,/C13_FastQuote_Main.jsp?txtBrokerId=IPO&selectPage=1&txtSymbol=AU,บริษัท อาฟเตอร์ ยู จำกัด (มหาชน),MAI
AUCT,/C13_FastQuote_Main.jsp?txtBrokerId=IPO&selectPage=1&txtSymbol=AUCT,บริษัท สหการประมูล จำกัด (มหาชน),MAI
DCC,/C13_FastQuote_Main.jsp?txtBrokerId=IPO&selectPage=1&txtSymbol=DCC,บริษัท ไดนาสตี้เซรามิค จำกัด (มหาชน),SET
DCON,/C13_FastQuote_Main.jsp?txtBrokerId=IPO&selectPage=1&txtSymbol=DCON,บริษัท ดีคอนโปรดักส์ จำกัด (มหาชน),SET
DDD,/C13_FastQuote_Main.jsp?txtBrokerId=IPO&selectPage=1&txtSymbol=DDD,บริษัท ดู เดย์ ดรีม จำกัด (มหาชน),SET
DELTA,/C13_FastQuote_Main.jsp?txtBrokerId=IPO&selectPage=1&txtSymbol=DELTA,บริษัทเดลต้า อีเลคโทรนิคส์ (ประเทศไทย) จำกัด (มหาชน),SET
DEMCO,/C13_FastQuote_Main.jsp?txtBrokerId=IPO&selectPage=1&txtSymbol=DEMCO,บริษัท เด็มโก้ จำกัด (มหาชน),SET
DIF,/C13_FastQuote_Main.jsp?txtBrokerId=IPO&selectPage=1&txtSymbol=DIF,กองทุนรวมโครงสร้างพื้นฐานโทรคมนาคม ดิจิทัล,SET
DIGI,/C13_FastQuote_Main.jsp?txtBrokerId=IPO&selectPage=1&txtSymbol=DIGI,บริษัท ดิจิตอลเทค แพลนเน็ต จำกัด (มหาชน),SET
DREIT,/C13_FastQuote_Main.jsp?txtBrokerId=IPO&selectPage=1&txtSymbol=DREIT,ทรัสต์เพื่อการลงทุนในอสังหาริมทรัพย์และสิทธิการเช่าดุสิตธานี,SET
DRT,/C13_FastQuote_Main.jsp?txtBrokerId=IPO&selectPage=1&txtSymbol=DRT,บริษัท ผลิตภัณฑ์ตราเพชร จำกัด (มหาชน),SET
DTAC,/C13_FastQuote_Main.jsp?txtBrokerId=IPO&selectPage=1&txtSymbol=DTAC,บริษัท โทเทิ่ล แอ็คเซ็ส คอมมูนิเคชั่น จำกัด (มหาชน),SET
DTC,/C13_FastQuote_Main.jsp?txtBrokerId=IPO&selectPage=1&txtSymbol=DTC,บริษัท ดุสิตธานี จำกัด (มหาชน),SET
DTCI,/C13_FastQuote_Main.jsp?txtBrokerId=IPO&selectPage=1&txtSymbol=DTCI,บริษัท ดี.ที.ซี.อินดัสตรี่ส์ จำกัด (มหาชน),SET
D,/C13_FastQuote_Main.jsp?txtBrokerId=IPO&selectPage=1&txtSymbol=D,บริษัท เดนทัล คอร์ปอเรชั่น จำกัด (มหาชน),MAI
DCORP,/C13_FastQuote_Main.jsp?txtBrokerId=IPO&selectPage=1&txtSymbol=DCORP,บริษัท ดีมีเตอร์ คอร์ปอเรชั่น จำกัด (มหาชน),MAI
DIMET,/C13_FastQuote_Main.jsp?txtBrokerId=IPO&selectPage=1&txtSymbol=DIMET,บริษัท ไดเมท (สยาม) จำกัด (มหาชน),MAI
DNA,/C13_FastQuote_Main.jsp?txtBrokerId=IPO&selectPage=1&txtSymbol=DNA,บริษัท ดีเอ็นเอ 2002 จำกัด (มหาชน),MAI
F&D,/C13_FastQuote_Main.jsp?txtBrokerId=IPO&selectPage=1&txtSymbol=F%26D,บริษัท ฟู้ดแอนด์ดริ๊งส์ จำกัด (มหาชน),SET
FANCY,/C13_FastQuote_Main.jsp?txtBrokerId=IPO&selectPage=1&txtSymbol=FANCY,บริษัท แฟนซีวู๊ด อินดัสตรีส จำกัด (มหาชน),SET
FE,/C13_FastQuote_Main.jsp?txtBrokerId=IPO&selectPage=1&txtSymbol=FE,บริษัท ฟาร์อีสท์ ดีดีบี จำกัด (มหาชน),SET
FER,/C13_FastQuote_Main.jsp?txtBrokerId=IPO&selectPage=1&txtSymbol=FER,บริษัท เฟอร์รั่ม จำกัด (มหาชน),SET
FMT,/C13_FastQuote_Main.jsp?txtBrokerId=IPO&selectPage=1&txtSymbol=FMT,บริษัท ฟูรูกาวา เม็ททัล (ไทยแลนด์) จำกัด (มหาชน),SET
FN,/C13_FastQuote_Main.jsp?txtBrokerId=IPO&selectPage=1&txtSymbol=FN,บริษัท เอฟเอ็น แฟคตอรี่ เอ๊าท์เลท จำกัด (มหาชน),SET
FNS,/C13_FastQuote_Main.jsp?txtBrokerId=IPO&selectPage=1&txtSymbol=FNS,บริษัท ฟินันซ่า จำกัด (มหาชน),SET
FORTH,/C13_FastQuote_Main.jsp?txtBrokerId=IPO&selectPage=1&txtSymbol=FORTH,บริษัท ฟอร์ท คอร์ปอเรชั่น  จำกัด (มหาชน),SET
FSS,/C13_FastQuote_Main.jsp?txtBrokerId=IPO&selectPage=1&txtSymbol=FSS,บริษัทหลักทรัพย์ ฟินันเซีย ไซรัส จำกัด (มหาชน),SET
FTE,/C13_FastQuote_Main.jsp?txtBrokerId=IPO&selectPage=1&txtSymbol=FTE,บริษัท ไฟร์เทรดเอ็นจิเนียริ่ง จำกัด (มหาชน),SET
FUTUREPF,/C13_FastQuote_Main.jsp?txtBrokerId=IPO&selectPage=1&txtSymbol=FUTUREPF,กองทุนรวมสิทธิการเช่าอสังหาริมทรัพย์ฟิวเจอร์พาร์ค,SET
FC,/C13_FastQuote_Main.jsp?txtBrokerId=IPO&selectPage=1&txtSymbol=FC,บริษัท ฟู้ด แคปปิตอล จำกัด (มหาชน),MAI
FLOYD,/C13_FastQuote_Main.jsp?txtBrokerId=IPO&selectPage=1&txtSymbol=FLOYD,บริษัท ฟลอยด์ จำกัด (มหาชน),MAI
FOCUS,/C13_FastQuote_Main.jsp?txtBrokerId=IPO&selectPage=1&txtSymbol=FOCUS,บริษัท โฟคัส ดีเวลลอปเม้นท์ แอนด์ คอนสตรัคชั่น จำกัด (มหาชน),MAI
FPI,/C13_FastQuote_Main.jsp?txtBrokerId=IPO&selectPage=1&txtSymbol=FPI,บริษัท ฟอร์จูน พาร์ท อินดัสตรี้ จำกัด (มหาชน),MAI
FSMART,/C13_FastQuote_Main.jsp?txtBrokerId=IPO&selectPage=1&txtSymbol=FSMART,บริษัท ฟอร์ท สมาร์ท เซอร์วิส จำกัด (มหาชน),MAI
FVC,/C13_FastQuote_Main.jsp?txtBrokerId=IPO&selectPage=1&txtSymbol=FVC,บริษัท ฟิลเตอร์ วิชั่น จำกัด (มหาชน),MAI
GAHREIT,/C13_FastQuote_Main.jsp?txtBrokerId=IPO&selectPage=1&txtSymbol=GAHREIT,ทรัสต์เพื่อการลงทุนในอสังหาริมทรัพย์ แกรนด์ โฮสพีทาลิตี้,SET
GBX,/C13_FastQuote_Main.jsp?txtBrokerId=IPO&selectPage=1&txtSymbol=GBX,บริษัท โกลเบล็ก โฮลดิ้ง แมนเนจเม้นท์ จำกัด (มหาชน),SET
GC,/C13_FastQuote_Main.jsp?txtBrokerId=IPO&selectPage=1&txtSymbol=GC,บริษัท โกลบอล คอนเน็คชั่นส์ จำกัด (มหาชน),SET
GEL,/C13_FastQuote_Main.jsp?txtBrokerId=IPO&selectPage=1&txtSymbol=GEL,บริษัท เจนเนอรัล เอนจิเนียริ่ง จำกัด (มหาชน),SET
GENCO,/C13_FastQuote_Main.jsp?txtBrokerId=IPO&selectPage=1&txtSymbol=GENCO,บริษัทบริหารและพัฒนาเพื่อการอนุรักษ์สิ่งแวดล้อม จำกัด(มหาชน),SET
GFPT,/C13_FastQuote_Main.jsp?txtBrokerId=IPO&selectPage=1&txtSymbol=GFPT,บริษัท จีเอฟพีที จำกัด (มหาชน),SET
GGC,/C13_FastQuote_Main.jsp?txtBrokerId=IPO&selectPage=1&txtSymbol=GGC,บริษัท โกลบอลกรีนเคมิคอล จำกัด (มหาชน),SET
GIFT,/C13_FastQuote_Main.jsp?txtBrokerId=IPO&selectPage=1&txtSymbol=GIFT,บริษัท แกรททิทูด อินฟินิท จำกัด (มหาชน),SET
GJS,/C13_FastQuote_Main.jsp?txtBrokerId=IPO&selectPage=1&txtSymbol=GJS,บริษัท จี เจ สตีล จำกัด (มหาชน),SET
GL,/C13_FastQuote_Main.jsp?txtBrokerId=IPO&selectPage=1&txtSymbol=GL,บริษัท กรุ๊ปลีส จำกัด (มหาชน),SET
GLAND,/C13_FastQuote_Main.jsp?txtBrokerId=IPO&selectPage=1&txtSymbol=GLAND,บริษัท แกรนด์ คาแนล แลนด์ จำกัด (มหาชน),SET
GLANDRT,/C13_FastQuote_Main.jsp?txtBrokerId=IPO&selectPage=1&txtSymbol=GLANDRT,ทรัสต์เพื่อการลงทุนในสิทธิการเช่าอสังหาริมทรัพย์ อาคารสำนักงาน จีแลนด์,SET
GLOBAL,/C13_FastQuote_Main.jsp?txtBrokerId=IPO&selectPage=1&txtSymbol=GLOBAL,บริษัท สยามโกลบอลเฮ้าส์ จำกัด (มหาชน),SET
GLOW,/C13_FastQuote_Main.jsp?txtBrokerId=IPO&selectPage=1&txtSymbol=GLOW,บริษัท โกลว์ พลังงาน จำกัด (มหาชน),SET
GOLD,/C13_FastQuote_Main.jsp?txtBrokerId=IPO&selectPage=1&txtSymbol=GOLD,บริษัท แผ่นดินทอง พร็อพเพอร์ตี้ ดีเวลลอปเม้นท์ จำกัด (มหาชน),SET
GOLDPF,/C13_FastQuote_Main.jsp?txtBrokerId=IPO&selectPage=1&txtSymbol=GOLDPF,กองทุนรวมสิทธิการเช่าอสังหาริมทรัพย์โกลด์,SET
GPI,/C13_FastQuote_Main.jsp?txtBrokerId=IPO&selectPage=1&txtSymbol=GPI,บริษัท กรังด์ปรีซ์ อินเตอร์เนชั่นแนล จำกัด (มหาชน),SET
GPSC,/C13_FastQuote_Main.jsp?txtBrokerId=IPO&selectPage=1&txtSymbol=GPSC,บริษัท โกลบอล เพาเวอร์ ซินเนอร์ยี่ จำกัด (มหาชน),SET
GRAMMY,/C13_FastQuote_Main.jsp?txtBrokerId=IPO&selectPage=1&txtSymbol=GRAMMY,บริษัท จีเอ็มเอ็ม แกรมมี่ จำกัด (มหาชน),SET
GRAND,/C13_FastQuote_Main.jsp?txtBrokerId=IPO&selectPage=1&txtSymbol=GRAND,บริษัท แกรนด์ แอสเสท โฮเทลส์ แอนด์ พรอพเพอร์ตี้ จำกัด(มหาชน),SET
GREEN,/C13_FastQuote_Main.jsp?txtBrokerId=IPO&selectPage=1&txtSymbol=GREEN,บริษัท กรีน รีซอร์สเซส จำกัด (มหาชน),SET
GSTEL,/C13_FastQuote_Main.jsp?txtBrokerId=IPO&selectPage=1&txtSymbol=GSTEL,บริษัท จี สตีล จำกัด (มหาชน),SET
GULF,/C13_FastQuote_Main.jsp?txtBrokerId=IPO&selectPage=1&txtSymbol=GULF,บริษัท กัลฟ์ เอ็นเนอร์จี ดีเวลลอปเมนท์ จำกัด (มหาชน),SET
GUNKUL,/C13_FastQuote_Main.jsp?txtBrokerId=IPO&selectPage=1&txtSymbol=GUNKUL,บริษัท กันกุลเอ็นจิเนียริ่ง จำกัด (มหาชน),SET
GVREIT,/C13_FastQuote_Main.jsp?txtBrokerId=IPO&selectPage=1&txtSymbol=GVREIT,ทรัสต์เพื่อการลงทุนในสิทธิการเช่าอสังหาริมทรัพย์โกลเด้นเวนเจอร์,SET
GYT,/C13_FastQuote_Main.jsp?txtBrokerId=IPO&selectPage=1&txtSymbol=GYT,บริษัท กู๊ดเยียร์(ประเทศไทย) จำกัด (มหาชน),SET
GCAP,/C13_FastQuote_Main.jsp?txtBrokerId=IPO&selectPage=1&txtSymbol=GCAP,บริษัท จี แคปปิตอล จำกัด (มหาชน),MAI
GTB,/C13_FastQuote_Main.jsp?txtBrokerId=IPO&selectPage=1&txtSymbol=GTB,บริษัท เจตาแบค จำกัด (มหาชน),MAI
CBG,/C13_FastQuote_Main.jsp?txtBrokerId=IPO&selectPage=1&txtSymbol=CBG,บริษัท คาราบาวกรุ๊ป จำกัด (มหาชน),SET
CCET,/C13_FastQuote_Main.jsp?txtBrokerId=IPO&selectPage=1&txtSymbol=CCET,บริษัท แคล-คอมพ์ อีเล็คโทรนิคส์ (ประเทศไทย) จำกัด (มหาชน),SET
CCP,/C13_FastQuote_Main.jsp?txtBrokerId=IPO&selectPage=1&txtSymbol=CCP,บริษัท ผลิตภัณฑ์คอนกรีตชลบุรี จำกัด (มหาชน),SET
CEN,/C13_FastQuote_Main.jsp?txtBrokerId=IPO&selectPage=1&txtSymbol=CEN,บริษัท แคปปิทอล เอ็นจิเนียริ่ง เน็ตเวิร์ค จำกัด (มหาชน),SET
CENTEL,/C13_FastQuote_Main.jsp?txtBrokerId=IPO&selectPage=1&txtSymbol=CENTEL,บริษัท โรงแรมเซ็นทรัลพลาซา จำกัด (มหาชน),SET
CFRESH,/C13_FastQuote_Main.jsp?txtBrokerId=IPO&selectPage=1&txtSymbol=CFRESH,บริษัท ซีเฟรชอินดัสตรี จำกัด (มหาชน),SET
CGD,/C13_FastQuote_Main.jsp?txtBrokerId=IPO&selectPage=1&txtSymbol=CGD,บริษัท คันทรี่ กรุ๊ป ดีเวลลอปเมนท์ จำกัด (มหาชน),SET
CGH,/C13_FastQuote_Main.jsp?txtBrokerId=IPO&selectPage=1&txtSymbol=CGH,บริษัท คันทรี่ กรุ๊ป โฮลดิ้งส์ จำกัด (มหาชน),SET
CHARAN,/C13_FastQuote_Main.jsp?txtBrokerId=IPO&selectPage=1&txtSymbol=CHARAN,บริษัท จรัญประกันภัย จำกัด (มหาชน),SET
CHG,/C13_FastQuote_Main.jsp?txtBrokerId=IPO&selectPage=1&txtSymbol=CHG,บริษัท โรงพยาบาลจุฬารัตน์ จำกัด (มหาชน),SET
CHOTI,/C13_FastQuote_Main.jsp?txtBrokerId=IPO&selectPage=1&txtSymbol=CHOTI,บริษัท ห้องเย็นโชติวัฒน์หาดใหญ่ จำกัด (มหาชน),SET
CI,/C13_FastQuote_Main.jsp?txtBrokerId=IPO&selectPage=1&txtSymbol=CI,บริษัท ชาญอิสสระ ดีเวล็อปเมนท์ จำกัด (มหาชน),SET
CIMBT,/C13_FastQuote_Main.jsp?txtBrokerId=IPO&selectPage=1&txtSymbol=CIMBT,ธนาคาร ซีไอเอ็มบี ไทย จำกัด (มหาชน),SET
CITY,/C13_FastQuote_Main.jsp?txtBrokerId=IPO&selectPage=1&txtSymbol=CITY,บริษัท ซิตี้ สตีล จำกัด (มหาชน),SET
CK,/C13_FastQuote_Main.jsp?txtBrokerId=IPO&selectPage=1&txtSymbol=CK,บริษัท ช.การช่าง จำกัด (มหาชน),SET
CKP,/C13_FastQuote_Main.jsp?txtBrokerId=IPO&selectPage=1&txtSymbol=CKP,บริษัท ซีเค พาวเวอร์ จำกัด (มหาชน),SET
CM,/C13_FastQuote_Main.jsp?txtBrokerId=IPO&selectPage=1&txtSymbol=CM,บริษัท เชียงใหม่โฟรเซ่นฟู้ดส์ จำกัด(มหาชน),SET
CMR,/C13_FastQuote_Main.jsp?txtBrokerId=IPO&selectPage=1&txtSymbol=CMR,บริษัท เชียงใหม่รามธุรกิจการแพทย์ จำกัด (มหาชน),SET
CNS,/C13_FastQuote_Main.jsp?txtBrokerId=IPO&selectPage=1&txtSymbol=CNS,บริษัทหลักทรัพย์ โนมูระ พัฒนสิน จำกัด (มหาชน),SET
CNT,/C13_FastQuote_Main.jsp?txtBrokerId=IPO&selectPage=1&txtSymbol=CNT,บริษัท คริสเตียนีและนีลเส็น (ไทย) จำกัด (มหาชน),SET
COL,/C13_FastQuote_Main.jsp?txtBrokerId=IPO&selectPage=1&txtSymbol=COL,บริษัท ซีโอแอล จำกัด (มหาชน),SET
COM7,/C13_FastQuote_Main.jsp?txtBrokerId=IPO&selectPage=1&txtSymbol=COM7,บริษัท คอมเซเว่น จำกัด (มหาชน),SET
CPALL,/C13_FastQuote_Main.jsp?txtBrokerId=IPO&selectPage=1&txtSymbol=CPALL,บริษัท ซีพี ออลล์ จำกัด (มหาชน),SET
CPF,/C13_FastQuote_Main.jsp?txtBrokerId=IPO&selectPage=1&txtSymbol=CPF,บริษัท เจริญโภคภัณฑ์อาหาร จำกัด (มหาชน),SET
CPH,/C13_FastQuote_Main.jsp?txtBrokerId=IPO&selectPage=1&txtSymbol=CPH,บริษัท คาสเซ่อร์พีคโฮลดิ้งส์ จำกัด (มหาชน),SET
CPI,/C13_FastQuote_Main.jsp?txtBrokerId=IPO&selectPage=1&txtSymbol=CPI,บริษัท ชุมพรอุตสาหกรรมน้ำมันปาล์ม จำกัด (มหาชน),SET
CPL,/C13_FastQuote_Main.jsp?txtBrokerId=IPO&selectPage=1&txtSymbol=CPL,บริษัท ซีพีแอล กรุ๊ป จำกัด (มหาชน),SET
CPN,/C13_FastQuote_Main.jsp?txtBrokerId=IPO&selectPage=1&txtSymbol=CPN,บริษัท เซ็นทรัลพัฒนา จำกัด (มหาชน),SET
CPNCG,/C13_FastQuote_Main.jsp?txtBrokerId=IPO&selectPage=1&txtSymbol=CPNCG,กองทุนรวมสิทธิการเช่าอสังหาริมทรัพย์ CPN คอมเมอร์เชียล โกรท,SET
CPNREIT,/C13_FastQuote_Main.jsp?txtBrokerId=IPO&selectPage=1&txtSymbol=CPNREIT,ทรัสต์เพื่อการลงทุนในสิทธิการเช่าอสังหาริมทรัพย์ CPN รีเทล โกรท,SET
CPT,/C13_FastQuote_Main.jsp?txtBrokerId=IPO&selectPage=1&txtSymbol=CPT,บริษัท ซีพีที ไดร์ แอนด์ เพาเวอร์ จำกัด (มหาชน),SET
CPTGF,/C13_FastQuote_Main.jsp?txtBrokerId=IPO&selectPage=1&txtSymbol=CPTGF,กองทุนรวมสิทธิการเช่าอสังหาริมทรัพย์ ซี.พี.ทาวเวอร์ โกรท,SET
CRANE,/C13_FastQuote_Main.jsp?txtBrokerId=IPO&selectPage=1&txtSymbol=CRANE,บริษัท ชูไก จำกัด (มหาชน),SET
CRYSTAL,/C13_FastQuote_Main.jsp?txtBrokerId=IPO&selectPage=1&txtSymbol=CRYSTAL,กองทุนรวมสิทธิการเช่าอสังหาริมทรัพย์คริสตัล รีเทล โกรท,SET
CSC,/C13_FastQuote_Main.jsp?txtBrokerId=IPO&selectPage=1&txtSymbol=CSC,บริษัท ฝาจีบ จำกัด (มหาชน),SET
CSL,/C13_FastQuote_Main.jsp?txtBrokerId=IPO&selectPage=1&txtSymbol=CSL,บริษัท ซีเอส ล็อกซอินโฟ จำกัด (มหาชน),SET
CSP,/C13_FastQuote_Main.jsp?txtBrokerId=IPO&selectPage=1&txtSymbol=CSP,บริษัท ซีเอสพี สตีลเซ็นเตอร์ จำกัด (มหาชน),SET
CSR,/C13_FastQuote_Main.jsp?txtBrokerId=IPO&selectPage=1&txtSymbol=CSR,บริษัท เทพธานีกรีฑา จำกัด (มหาชน),SET
CSS,/C13_FastQuote_Main.jsp?txtBrokerId=IPO&selectPage=1&txtSymbol=CSS,บริษัท คอมมิวนิเคชั่น แอนด์ ซิสเต็มส์ โซลูชั่น จำกัด (มหาชน),SET
CTARAF,/C13_FastQuote_Main.jsp?txtBrokerId=IPO&selectPage=1&txtSymbol=CTARAF,กองทุนรวมสิทธิการเช่าอสังหาริมทรัพย์โรงแรมและรีสอร์ทในเครือฯ,SET
CTW,/C13_FastQuote_Main.jsp?txtBrokerId=IPO&selectPage=1&txtSymbol=CTW,บริษัท จรุงไทยไวร์แอนด์เคเบิ้ล จำกัด (มหาชน),SET
CWT,/C13_FastQuote_Main.jsp?txtBrokerId=IPO&selectPage=1&txtSymbol=CWT,บริษัท ชัยวัฒนา แทนเนอรี่ กรุ๊ป จำกัด (มหาชน),SET
CHEWA,/C13_FastQuote_Main.jsp?txtBrokerId=IPO&selectPage=1&txtSymbol=CHEWA,บริษัท ชีวาทัย จำกัด (มหาชน),MAI
CHO,/C13_FastQuote_Main.jsp?txtBrokerId=IPO&selectPage=1&txtSymbol=CHO,บริษัท ช ทวี จำกัด (มหาชน),MAI
CHOW,/C13_FastQuote_Main.jsp?txtBrokerId=IPO&selectPage=1&txtSymbol=CHOW,บริษัท เชาว์ สตีล อินดัสทรี้ จำกัด (มหาชน),MAI
CIG,/C13_FastQuote_Main.jsp?txtBrokerId=IPO&selectPage=1&txtSymbol=CIG,บริษัท ซี.ไอ.กรุ๊ป จำกัด (มหาชน),MAI
CMO,/C13_FastQuote_Main.jsp?txtBrokerId=IPO&selectPage=1&txtSymbol=CMO,บริษัท ซีเอ็มโอ จำกัด (มหาชน),MAI
COLOR,/C13_FastQuote_Main.jsp?txtBrokerId=IPO&selectPage=1&txtSymbol=COLOR,บริษัท สาลี่ คัลเล่อร์ จำกัด (มหาชน),MAI
COMAN,/C13_FastQuote_Main.jsp?txtBrokerId=IPO&selectPage=1&txtSymbol=COMAN,บริษัท โคแมนชี่ อินเตอร์เนชั่นแนล จำกัด (มหาชน),MAI
CPR,/C13_FastQuote_Main.jsp?txtBrokerId=IPO&selectPage=1&txtSymbol=CPR,บริษัท ซีพีอาร์ โกมุ อินดัสเตรียล จำกัด (มหาชน),MAI
CRD,/C13_FastQuote_Main.jsp?txtBrokerId=IPO&selectPage=1&txtSymbol=CRD,บริษัท เชียงใหม่ริมดอย จำกัด (มหาชน),MAI
J,/C13_FastQuote_Main.jsp?txtBrokerId=IPO&selectPage=1&txtSymbol=J,บริษัท เจเอเอส แอสเซ็ท จำกัด (มหาชน),SET
JAS,/C13_FastQuote_Main.jsp?txtBrokerId=IPO&selectPage=1&txtSymbol=JAS,บริษัทจัสมิน อินเตอร์เนชั่นแนล จำกัด (มหาชน),SET
JASIF,/C13_FastQuote_Main.jsp?txtBrokerId=IPO&selectPage=1&txtSymbol=JASIF,กองทุนรวมโครงสร้างพื้นฐานบรอดแบนด์อินเทอร์เน็ต จัสมิน,SET
JCP,/C13_FastQuote_Main.jsp?txtBrokerId=IPO&selectPage=1&txtSymbol=JCP,กองทุนรวมสิทธิการเช่าอสังหาริมทรัพย์ เจซี,SET
JCT,/C13_FastQuote_Main.jsp?txtBrokerId=IPO&selectPage=1&txtSymbol=JCT,บริษัท แจ๊กเจียอุตสาหกรรม (ไทย) จำกัด (มหาชน),SET
JMART,/C13_FastQuote_Main.jsp?txtBrokerId=IPO&selectPage=1&txtSymbol=JMART,บริษัท เจ มาร์ท จำกัด (มหาชน),SET
JMT,/C13_FastQuote_Main.jsp?txtBrokerId=IPO&selectPage=1&txtSymbol=JMT,บริษัท เจ เอ็ม ที เน็ทเวอร์ค เซอร์วิสเซ็ส จำกัด (มหาชน),SET
JTS,/C13_FastQuote_Main.jsp?txtBrokerId=IPO&selectPage=1&txtSymbol=JTS,บริษัท จัสมิน เทเลคอม ซิสเต็มส์ จำกัด (มหาชน),SET
JUTHA,/C13_FastQuote_Main.jsp?txtBrokerId=IPO&selectPage=1&txtSymbol=JUTHA,บริษัท จุฑานาวี จำกัด (มหาชน),SET
JWD,/C13_FastQuote_Main.jsp?txtBrokerId=IPO&selectPage=1&txtSymbol=JWD,บริษัท เจดับเบิ้ลยูดี อินโฟโลจิสติกส์ จำกัด (มหาชน),SET
JKN,/C13_FastQuote_Main.jsp?txtBrokerId=IPO&selectPage=1&txtSymbol=JKN,บริษัท เจเคเอ็น โกลบอล มีเดีย จำกัด (มหาชน),MAI
JSP,/C13_FastQuote_Main.jsp?txtBrokerId=IPO&selectPage=1&txtSymbol=JSP,บริษัท เจ. เอส. พี. พร็อพเพอร์ตี้ จำกัด (มหาชน),MAI
JUBILE,/C13_FastQuote_Main.jsp?txtBrokerId=IPO&selectPage=1&txtSymbol=JUBILE,บริษัท ยูบิลลี่ เอ็นเตอร์ไพรส์ จำกัด (มหาชน),MAI
2S,/C13_FastQuote_Main.jsp?txtBrokerId=IPO&selectPage=1&txtSymbol=2S,บริษัท 2 เอส เมทัล จำกัด (มหาชน),MAI
EA,/C13_FastQuote_Main.jsp?txtBrokerId=IPO&selectPage=1&txtSymbol=EA,บริษัท พลังงานบริสุทธิ์ จำกัด (มหาชน),SET
EARTH,/C13_FastQuote_Main.jsp?txtBrokerId=IPO&selectPage=1&txtSymbol=EARTH,บริษัท เอ็นเนอร์ยี่ เอิร์ธ จำกัด (มหาชน),SET
EASON,/C13_FastQuote_Main.jsp?txtBrokerId=IPO&selectPage=1&txtSymbol=EASON,บริษัท อีซึ่น เพ้นท์ จำกัด (มหาชน),SET
EASTW,/C13_FastQuote_Main.jsp?txtBrokerId=IPO&selectPage=1&txtSymbol=EASTW,บริษัท จัดการและพัฒนาทรัพยากรน้ำภาคตะวันออก จำกัด (มหาชน),SET
ECL,/C13_FastQuote_Main.jsp?txtBrokerId=IPO&selectPage=1&txtSymbol=ECL,บริษัท ตะวันออกพาณิชย์ลีสซิ่ง จำกัด (มหาชน),SET
EE,/C13_FastQuote_Main.jsp?txtBrokerId=IPO&selectPage=1&txtSymbol=EE,บริษัท อีเทอเนิล เอนเนอยี จำกัด (มหาชน),SET
EGATIF,/C13_FastQuote_Main.jsp?txtBrokerId=IPO&selectPage=1&txtSymbol=EGATIF,กองทุนรวมโครงสร้างพื้นฐาน โรงไฟฟ้าพระนครเหนือ ชุดที่ 1 การไฟฟ้าฝ่ายผลิตแห่งประเทศไทย,SET
EGCO,/C13_FastQuote_Main.jsp?txtBrokerId=IPO&selectPage=1&txtSymbol=EGCO,บริษัท ผลิตไฟฟ้า จำกัด (มหาชน),SET
EIC,/C13_FastQuote_Main.jsp?txtBrokerId=IPO&selectPage=1&txtSymbol=EIC,บริษัท อุตสาหกรรม อีเล็คโทรนิคส์ จำกัด (มหาชน),SET
EKH,/C13_FastQuote_Main.jsp?txtBrokerId=IPO&selectPage=1&txtSymbol=EKH,บริษัท เอกชัยการแพทย์ จำกัด (มหาชน),SET
EMC,/C13_FastQuote_Main.jsp?txtBrokerId=IPO&selectPage=1&txtSymbol=EMC,บริษัท อีเอ็มซี จำกัด (มหาชน),SET
EPCO,/C13_FastQuote_Main.jsp?txtBrokerId=IPO&selectPage=1&txtSymbol=EPCO,บริษัท โรงพิมพ์ตะวันออก จำกัด (มหาชน),SET
EPG,/C13_FastQuote_Main.jsp?txtBrokerId=IPO&selectPage=1&txtSymbol=EPG,บริษัท อีสเทิร์นโพลีเมอร์ กรุ๊ป จำกัด (มหาชน),SET
ERW,/C13_FastQuote_Main.jsp?txtBrokerId=IPO&selectPage=1&txtSymbol=ERW,บริษัท ดิ เอราวัณ กรุ๊ป จำกัด (มหาชน),SET
ERWPF,/C13_FastQuote_Main.jsp?txtBrokerId=IPO&selectPage=1&txtSymbol=ERWPF,กองทุนรวมอสังหาริมทรัพย์เอราวัณ โฮเทล โกรท,SET
ESSO,/C13_FastQuote_Main.jsp?txtBrokerId=IPO&selectPage=1&txtSymbol=ESSO,บริษัท เอสโซ่ (ประเทศไทย) จำกัด (มหาชน),SET
ESTAR,/C13_FastQuote_Main.jsp?txtBrokerId=IPO&selectPage=1&txtSymbol=ESTAR,บริษัท อีสเทอร์น สตาร์ เรียล เอสเตท จำกัด (มหาชน),SET
EVER,/C13_FastQuote_Main.jsp?txtBrokerId=IPO&selectPage=1&txtSymbol=EVER,บริษัท เอเวอร์แลนด์ จำกัด (มหาชน),SET
ECF,/C13_FastQuote_Main.jsp?txtBrokerId=IPO&selectPage=1&txtSymbol=ECF,บริษัท อีสต์โคสท์เฟอร์นิเทค จำกัด (มหาชน),MAI
EFORL,/C13_FastQuote_Main.jsp?txtBrokerId=IPO&selectPage=1&txtSymbol=EFORL,บริษัท อี ฟอร์ แอล เอม จำกัด (มหาชน),MAI
ETE,/C13_FastQuote_Main.jsp?txtBrokerId=IPO&selectPage=1&txtSymbol=ETE,บริษัท บูรพา เทคนิคอล เอ็นจิเนียริ่ง จำกัด (มหาชน),MAI
HANA,/C13_FastQuote_Main.jsp?txtBrokerId=IPO&selectPage=1&txtSymbol=HANA,บริษัท ฮานา ไมโครอิเล็คโทรนิคส จำกัด (มหาชน),SET
HFT,/C13_FastQuote_Main.jsp?txtBrokerId=IPO&selectPage=1&txtSymbol=HFT,บริษัท ฮั้วฟง รับเบอร์ (ไทยแลนด์) จำกัด (มหาชน),SET
HMPRO,/C13_FastQuote_Main.jsp?txtBrokerId=IPO&selectPage=1&txtSymbol=HMPRO,บริษัท โฮม โปรดักส์ เซ็นเตอร์ จำกัด (มหาชน),SET
HPF,/C13_FastQuote_Main.jsp?txtBrokerId=IPO&selectPage=1&txtSymbol=HPF,กองทุนรวมอสังหาริมทรัพย์และสิทธิการเช่าเหมราชอินดัสเตรียล,SET
HREIT,/C13_FastQuote_Main.jsp?txtBrokerId=IPO&selectPage=1&txtSymbol=HREIT,ทรัสต์เพื่อการลงทุนในสิทธิการเช่าอสังหาริมทรัพย์เหมราช,SET
HTC,/C13_FastQuote_Main.jsp?txtBrokerId=IPO&selectPage=1&txtSymbol=HTC,บริษัท หาดทิพย์ จำกัด (มหาชน),SET
HTECH,/C13_FastQuote_Main.jsp?txtBrokerId=IPO&selectPage=1&txtSymbol=HTECH,บริษัท แฮลเซี่ยน เทคโนโลยี่ จำกัด (มหาชน),SET
HUMAN,/C13_FastQuote_Main.jsp?txtBrokerId=IPO&selectPage=1&txtSymbol=HUMAN,บริษัท ฮิวแมนิก้า จำกัด (มหาชน),SET
HARN,/C13_FastQuote_Main.jsp?txtBrokerId=IPO&selectPage=1&txtSymbol=HARN,บริษัท หาญ เอ็นจิเนียริ่ง โซลูชั่นส์ จำกัด (มหาชน),MAI
HOTPOT,/C13_FastQuote_Main.jsp?txtBrokerId=IPO&selectPage=1&txtSymbol=HOTPOT,บริษัท ฮอท พอท จำกัด (มหาชน),MAI
HPT,/C13_FastQuote_Main.jsp?txtBrokerId=IPO&selectPage=1&txtSymbol=HPT,บริษัท โฮม พอตเทอรี่ จำกัด (มหาชน),MAI
HYDRO,/C13_FastQuote_Main.jsp?txtBrokerId=IPO&selectPage=1&txtSymbol=HYDRO,บริษัท ไฮโดรเท็ค จำกัด (มหาชน),MAI
BA,/C13_FastQuote_Main.jsp?txtBrokerId=IPO&selectPage=1&txtSymbol=BA,บริษัท การบินกรุงเทพ จำกัด (มหาชน),SET
BAFS,/C13_FastQuote_Main.jsp?txtBrokerId=IPO&selectPage=1&txtSymbol=BAFS,บริษัท บริการเชื้อเพลิงการบินกรุงเทพ จำกัด (มหาชน),SET
BANPU,/C13_FastQuote_Main.jsp?txtBrokerId=IPO&selectPage=1&txtSymbol=BANPU,บริษัท บ้านปู จำกัด (มหาชน),SET
BAT-3K,/C13_FastQuote_Main.jsp?txtBrokerId=IPO&selectPage=1&txtSymbol=BAT-3K,บริษัท ไทยสโตเรจ แบตเตอรี่ จำกัด (มหาชน),SET
BAY,/C13_FastQuote_Main.jsp?txtBrokerId=IPO&selectPage=1&txtSymbol=BAY,ธนาคารกรุงศรีอยุธยา จำกัด (มหาชน),SET
BBL,/C13_FastQuote_Main.jsp?txtBrokerId=IPO&selectPage=1&txtSymbol=BBL,ธนาคารกรุงเทพ จำกัด (มหาชน),SET
BCH,/C13_FastQuote_Main.jsp?txtBrokerId=IPO&selectPage=1&txtSymbol=BCH,บริษัท บางกอก เชน ฮอสปิทอล จำกัด (มหาชน),SET
BCP,/C13_FastQuote_Main.jsp?txtBrokerId=IPO&selectPage=1&txtSymbol=BCP,บริษัท บางจาก คอร์ปอเรชั่น จำกัด (มหาชน),SET
BCPG,/C13_FastQuote_Main.jsp?txtBrokerId=IPO&selectPage=1&txtSymbol=BCPG,บริษัท บีซีพีจี จำกัด (มหาชน),SET
BDMS,/C13_FastQuote_Main.jsp?txtBrokerId=IPO&selectPage=1&txtSymbol=BDMS,บริษัท กรุงเทพดุสิตเวชการ จำกัด(มหาชน),SET
BEAUTY,/C13_FastQuote_Main.jsp?txtBrokerId=IPO&selectPage=1&txtSymbol=BEAUTY,บริษัท บิวตี้ คอมมูนิตี้ จำกัด (มหาชน),SET
BEC,/C13_FastQuote_Main.jsp?txtBrokerId=IPO&selectPage=1&txtSymbol=BEC,บริษัท บีอีซี เวิลด์ จำกัด (มหาชน),SET
BEM,/C13_FastQuote_Main.jsp?txtBrokerId=IPO&selectPage=1&txtSymbol=BEM,บริษัท ทางด่วนและรถไฟฟ้ากรุงเทพ จำกัด (มหาชน),SET
BFIT,/C13_FastQuote_Main.jsp?txtBrokerId=IPO&selectPage=1&txtSymbol=BFIT,บริษัทเงินทุน ศรีสวัสดิ์ จำกัด (มหาชน),SET
BGRIM,/C13_FastQuote_Main.jsp?txtBrokerId=IPO&selectPage=1&txtSymbol=BGRIM,บริษัท บี.กริม เพาเวอร์ จำกัด (มหาชน),SET
BH,/C13_FastQuote_Main.jsp?txtBrokerId=IPO&selectPage=1&txtSymbol=BH,บริษัท โรงพยาบาลบำรุงราษฎร์ จำกัด (มหาชน),SET
BIG,/C13_FastQuote_Main.jsp?txtBrokerId=IPO&selectPage=1&txtSymbol=BIG,บริษัท บิ๊ก คาเมร่า คอร์ปอเรชั่น จำกัด (มหาชน),SET
BJC,/C13_FastQuote_Main.jsp?txtBrokerId=IPO&selectPage=1&txtSymbol=BJC,บริษัท เบอร์ลี่ ยุคเกอร์ จำกัด (มหาชน),SET
BJCHI,/C13_FastQuote_Main.jsp?txtBrokerId=IPO&selectPage=1&txtSymbol=BJCHI,บริษัท บีเจซี เฮฟวี่ อินดัสทรี จำกัด (มหาชน),SET
BKI,/C13_FastQuote_Main.jsp?txtBrokerId=IPO&selectPage=1&txtSymbol=BKI,บริษัท กรุงเทพประกันภัย จำกัด (มหาชน),SET
BKKCP,/C13_FastQuote_Main.jsp?txtBrokerId=IPO&selectPage=1&txtSymbol=BKKCP,กองทุนรวมอสังหาริมทรัพย์บางกอก,SET
BLA,/C13_FastQuote_Main.jsp?txtBrokerId=IPO&selectPage=1&txtSymbol=BLA,บริษัท กรุงเทพประกันชีวิต จำกัด (มหาชน),SET
BLAND,/C13_FastQuote_Main.jsp?txtBrokerId=IPO&selectPage=1&txtSymbol=BLAND,บริษัท บางกอกแลนด์ จำกัด (มหาชน),SET
BPP,/C13_FastQuote_Main.jsp?txtBrokerId=IPO&selectPage=1&txtSymbol=BPP,บริษัท บ้านปู เพาเวอร์ จำกัด (มหาชน),SET
BR,/C13_FastQuote_Main.jsp?txtBrokerId=IPO&selectPage=1&txtSymbol=BR,บริษัท บางกอกแร้นช์ จำกัด (มหาชน),SET
BROCK,/C13_FastQuote_Main.jsp?txtBrokerId=IPO&selectPage=1&txtSymbol=BROCK,บริษัท บ้านร็อคการ์เด้น จำกัด (มหาชน),SET
BRR,/C13_FastQuote_Main.jsp?txtBrokerId=IPO&selectPage=1&txtSymbol=BRR,บริษัท น้ำตาลบุรีรัมย์ จำกัด (มหาชน),SET
BRRGIF,/C13_FastQuote_Main.jsp?txtBrokerId=IPO&selectPage=1&txtSymbol=BRRGIF,กองทุนรวมโครงสร้างพื้นฐานโรงไฟฟ้ากลุ่มน้ำตาลบุรีรัมย์,SET
BSBM,/C13_FastQuote_Main.jsp?txtBrokerId=IPO&selectPage=1&txtSymbol=BSBM,บริษัท บางสะพานบาร์มิล จำกัด (มหาชน),SET
BTC,/C13_FastQuote_Main.jsp?txtBrokerId=IPO&selectPage=1&txtSymbol=BTC,บริษัท บางปะกง เทอร์มินอล จำกัด (มหาชน),SET
BTNC,/C13_FastQuote_Main.jsp?txtBrokerId=IPO&selectPage=1&txtSymbol=BTNC,บริษัท บูติคนิวซิตี้ จำกัด (มหาชน),SET
BTS,/C13_FastQuote_Main.jsp?txtBrokerId=IPO&selectPage=1&txtSymbol=BTS,บริษัท บีทีเอส กรุ๊ป โฮลดิ้งส์ จำกัด (มหาชน),SET
BTSGIF,/C13_FastQuote_Main.jsp?txtBrokerId=IPO&selectPage=1&txtSymbol=BTSGIF,กองทุนรวมโครงสร้างพื้นฐานระบบขนส่งมวลชนทางราง บีทีเอสโกรท,SET
BWG,/C13_FastQuote_Main.jsp?txtBrokerId=IPO&selectPage=1&txtSymbol=BWG,บริษัท เบตเตอร์ เวิลด์ กรีน จำกัด (มหาชน),SET
BGT,/C13_FastQuote_Main.jsp?txtBrokerId=IPO&selectPage=1&txtSymbol=BGT,บริษัท บีจีที คอร์ปอเรชั่น จำกัด (มหาชน),MAI
BIZ,/C13_FastQuote_Main.jsp?txtBrokerId=IPO&selectPage=1&txtSymbol=BIZ,บริษัท บิสซิเนสอะไลเม้นท์ จำกัด (มหาชน),MAI
BKD,/C13_FastQuote_Main.jsp?txtBrokerId=IPO&selectPage=1&txtSymbol=BKD,บริษัท บางกอก เดค-คอน จำกัด (มหาชน),MAI
BM,/C13_FastQuote_Main.jsp?txtBrokerId=IPO&selectPage=1&txtSymbol=BM,บริษัท บางกอกชีทเม็ททัล จำกัด (มหาชน),MAI
BOL,/C13_FastQuote_Main.jsp?txtBrokerId=IPO&selectPage=1&txtSymbol=BOL,บริษัท บิซิเนส ออนไลน์ จำกัด (มหาชน),MAI
BROOK,/C13_FastQuote_Main.jsp?txtBrokerId=IPO&selectPage=1&txtSymbol=BROOK,บริษัท บรุ๊คเคอร์ กรุ๊ป จำกัด (มหาชน),MAI
BSM,/C13_FastQuote_Main.jsp?txtBrokerId=IPO&selectPage=1&txtSymbol=BSM,บริษัท บิวเดอสมาร์ท จำกัด (มหาชน),MAI
BTW,/C13_FastQuote_Main.jsp?txtBrokerId=IPO&selectPage=1&txtSymbol=BTW,บริษัท บีที เวลธ์ อินดัสตรีส์ จำกัด (มหาชน),MAI
KAMART,/C13_FastQuote_Main.jsp?txtBrokerId=IPO&selectPage=1&txtSymbol=KAMART,บริษัท คาร์มาร์ท จำกัด (มหาชน),SET
KBANK,/C13_FastQuote_Main.jsp?txtBrokerId=IPO&selectPage=1&txtSymbol=KBANK,ธนาคารกสิกรไทย จำกัด (มหาชน),SET
KBS,/C13_FastQuote_Main.jsp?txtBrokerId=IPO&selectPage=1&txtSymbol=KBS,บริษัท น้ำตาลครบุรี จำกัด (มหาชน),SET
KC,/C13_FastQuote_Main.jsp?txtBrokerId=IPO&selectPage=1&txtSymbol=KC,บริษัท เค.ซี. พร็อพเพอร์ตี้ จำกัด (มหาชน),SET
KCAR,/C13_FastQuote_Main.jsp?txtBrokerId=IPO&selectPage=1&txtSymbol=KCAR,บริษัท กรุงไทยคาร์เร้นท์ แอนด์ ลีส จำกัด (มหาชน),SET
KCE,/C13_FastQuote_Main.jsp?txtBrokerId=IPO&selectPage=1&txtSymbol=KCE,บริษัท เคซีอี อีเลคโทรนิคส์ จำกัด (มหาชน),SET
KDH,/C13_FastQuote_Main.jsp?txtBrokerId=IPO&selectPage=1&txtSymbol=KDH,บริษัท ธนบุรี เมดิเคิล เซ็นเตอร์ จำกัด (มหาชน),SET
KGI,/C13_FastQuote_Main.jsp?txtBrokerId=IPO&selectPage=1&txtSymbol=KGI,บริษัทหลักทรัพย์ เคจีไอ (ประเทศไทย) จำกัด (มหาชน),SET
KKC,/C13_FastQuote_Main.jsp?txtBrokerId=IPO&selectPage=1&txtSymbol=KKC,บริษัท กุลธรเคอร์บี้ จำกัด (มหาชน),SET
KKP,/C13_FastQuote_Main.jsp?txtBrokerId=IPO&selectPage=1&txtSymbol=KKP,ธนาคารเกียรตินาคิน จำกัด (มหาชน),SET
KPNPF,/C13_FastQuote_Main.jsp?txtBrokerId=IPO&selectPage=1&txtSymbol=KPNPF,กองทุนรวมอสังหาริมทรัพย์เคพีเอ็น,SET
KSL,/C13_FastQuote_Main.jsp?txtBrokerId=IPO&selectPage=1&txtSymbol=KSL,บริษัท น้ำตาลขอนแก่น จำกัด (มหาชน),SET
KTB,/C13_FastQuote_Main.jsp?txtBrokerId=IPO&selectPage=1&txtSymbol=KTB,ธนาคารกรุงไทย จำกัด (มหาชน),SET
KTC,/C13_FastQuote_Main.jsp?txtBrokerId=IPO&selectPage=1&txtSymbol=KTC,บริษัท บัตรกรุงไทย จำกัด (มหาชน),SET
KTIS,/C13_FastQuote_Main.jsp?txtBrokerId=IPO&selectPage=1&txtSymbol=KTIS,บริษัท เกษตรไทย อินเตอร์เนชั่นแนล ชูการ์ คอร์ปอเรชั่น จำกัด (มหาชน),SET
KWC,/C13_FastQuote_Main.jsp?txtBrokerId=IPO&selectPage=1&txtSymbol=KWC,บริษัท กรุงเทพโสภณ จำกัด (มหาชน),SET
KWG,/C13_FastQuote_Main.jsp?txtBrokerId=IPO&selectPage=1&txtSymbol=KWG,บริษัท คิง ไว กรุ๊ป (ประเทศไทย) จำกัด (มหาชน),SET
KYE,/C13_FastQuote_Main.jsp?txtBrokerId=IPO&selectPage=1&txtSymbol=KYE,บริษัท กันยงอีเลคทริก จำกัด (มหาชน),SET
K,/C13_FastQuote_Main.jsp?txtBrokerId=IPO&selectPage=1&txtSymbol=K,บริษัท คิงส์เมน ซี.เอ็ม.ที.ไอ. จำกัด (มหาชน),MAI
KASET,/C13_FastQuote_Main.jsp?txtBrokerId=IPO&selectPage=1&txtSymbol=KASET,บริษัท ไทยฮา จำกัด (มหาชน),MAI
KCM,/C13_FastQuote_Main.jsp?txtBrokerId=IPO&selectPage=1&txtSymbol=KCM,บริษัท เค.ซี.เมททอลชีท จำกัด (มหาชน),MAI
KIAT,/C13_FastQuote_Main.jsp?txtBrokerId=IPO&selectPage=1&txtSymbol=KIAT,บริษัท เกียรติธนา ขนส่ง จำกัด (มหาชน),MAI
KOOL,/C13_FastQuote_Main.jsp?txtBrokerId=IPO&selectPage=1&txtSymbol=KOOL,บริษัท มาสเตอร์คูล อินเตอร์เนชั่นแนล จำกัด (มหาชน),MAI
ICC,/C13_FastQuote_Main.jsp?txtBrokerId=IPO&selectPage=1&txtSymbol=ICC,บริษัท ไอ.ซี.ซี. อินเตอร์เนชั่นแนล จำกัด (มหาชน),SET
ICHI,/C13_FastQuote_Main.jsp?txtBrokerId=IPO&selectPage=1&txtSymbol=ICHI,บริษัท อิชิตัน กรุ๊ป จำกัด (มหาชน),SET
IFEC,/C13_FastQuote_Main.jsp?txtBrokerId=IPO&selectPage=1&txtSymbol=IFEC,บริษัท อินเตอร์ ฟาร์อีสท์ เอ็นเนอร์ยี่ คอร์ปอเรชั่น จำกัด (มหาชน),SET
IFS,/C13_FastQuote_Main.jsp?txtBrokerId=IPO&selectPage=1&txtSymbol=IFS,บริษัท ไอเอฟเอส แคปปิตอล (ประเทศไทย) จำกัด (มหาชน),SET
IHL,/C13_FastQuote_Main.jsp?txtBrokerId=IPO&selectPage=1&txtSymbol=IHL,บริษัท อินเตอร์ไฮด์ จำกัด (มหาชน),SET
III,/C13_FastQuote_Main.jsp?txtBrokerId=IPO&selectPage=1&txtSymbol=III,บริษัท ทริพเพิล ไอ โลจิสติกส์ จำกัด (มหาชน),SET
ILINK,/C13_FastQuote_Main.jsp?txtBrokerId=IPO&selectPage=1&txtSymbol=ILINK,บริษัท อินเตอร์ลิ้งค์ คอมมิวนิเคชั่น จำกัด (มหาชน),SET
IMPACT,/C13_FastQuote_Main.jsp?txtBrokerId=IPO&selectPage=1&txtSymbol=IMPACT,ทรัสต์เพื่อการลงทุนในอสังหาริมทรัพย์อิมแพ็คโกรท,SET
INET,/C13_FastQuote_Main.jsp?txtBrokerId=IPO&selectPage=1&txtSymbol=INET,บริษัท อินเทอร์เน็ตประเทศไทย จำกัด (มหาชน),SET
INGRS,/C13_FastQuote_Main.jsp?txtBrokerId=IPO&selectPage=1&txtSymbol=INGRS,บริษัท อิงเกรส อินดัสเตรียล (ไทยแลนด์) จำกัด (มหาชน),SET
INOX,/C13_FastQuote_Main.jsp?txtBrokerId=IPO&selectPage=1&txtSymbol=INOX,บริษัท โพสโค-ไทยน๊อคซ์ จำกัด (มหาชน),SET
INSURE,/C13_FastQuote_Main.jsp?txtBrokerId=IPO&selectPage=1&txtSymbol=INSURE,บริษัท อินทรประกันภัย จำกัด (มหาชน),SET
INTUCH,/C13_FastQuote_Main.jsp?txtBrokerId=IPO&selectPage=1&txtSymbol=INTUCH,บริษัท อินทัช โฮลดิ้งส์ จำกัด (มหาชน),SET
IRC,/C13_FastQuote_Main.jsp?txtBrokerId=IPO&selectPage=1&txtSymbol=IRC,บริษัท อีโนเว รับเบอร์ (ประเทศไทย) จำกัด (มหาชน),SET
IRPC,/C13_FastQuote_Main.jsp?txtBrokerId=IPO&selectPage=1&txtSymbol=IRPC,บริษัท ไออาร์พีซี จำกัด (มหาชน),SET
IT,/C13_FastQuote_Main.jsp?txtBrokerId=IPO&selectPage=1&txtSymbol=IT,บริษัท ไอที ซิตี้ จำกัด (มหาชน),SET
ITD,/C13_FastQuote_Main.jsp?txtBrokerId=IPO&selectPage=1&txtSymbol=ITD,บริษัท อิตาเลียนไทย ดีเวล๊อปเมนต์ จำกัด (มหาชน),SET
IVL,/C13_FastQuote_Main.jsp?txtBrokerId=IPO&selectPage=1&txtSymbol=IVL,บริษัท อินโดรามา เวนเจอร์ส จำกัด (มหาชน),SET
ICN,/C13_FastQuote_Main.jsp?txtBrokerId=IPO&selectPage=1&txtSymbol=ICN,บริษัท อินฟอร์เมชั่น แอนด์ คอมมิวนิเคชั่น เน็ทเวิร์คส จำกัด (มหาชน),MAI
IRCP,/C13_FastQuote_Main.jsp?txtBrokerId=IPO&selectPage=1&txtSymbol=IRCP,บริษัท อินเตอร์เนชั่นแนล รีเสริช คอร์ปอเรชั่น จำกัด (มหาชน),MAI
ITEL,/C13_FastQuote_Main.jsp?txtBrokerId=IPO&selectPage=1&txtSymbol=ITEL,บริษัท อินเตอร์ลิ้งค์ เทเลคอม จำกัด (มหาชน),MAI
M,/C13_FastQuote_Main.jsp?txtBrokerId=IPO&selectPage=1&txtSymbol=M,บริษัท เอ็มเค เรสโตรองต์ กรุ๊ป จำกัด (มหาชน),SET
M-CHAI,/C13_FastQuote_Main.jsp?txtBrokerId=IPO&selectPage=1&txtSymbol=M-CHAI,บริษัท โรงพยาบาลมหาชัย จำกัด (มหาชน),SET
M-II,/C13_FastQuote_Main.jsp?txtBrokerId=IPO&selectPage=1&txtSymbol=M-II,กองทุนรวมอสังหาริมทรัพย์ และสิทธิการเช่า เอ็มเอฟซี อินดัสเตรียล อินเวสเมนท์,SET
M-PAT,/C13_FastQuote_Main.jsp?txtBrokerId=IPO&selectPage=1&txtSymbol=M-PAT,กองทุนรวมอสังหาริมทรัพย์เอ็มเอฟซี ป่าตอง เฮอริเทจ,SET
M-STOR,/C13_FastQuote_Main.jsp?txtBrokerId=IPO&selectPage=1&txtSymbol=M-STOR,กองทุนรวมอสังหาริมทรัพย์เอ็มเอฟซี-สแตรทิจิกสโตเรจฟันด์,SET
MACO,/C13_FastQuote_Main.jsp?txtBrokerId=IPO&selectPage=1&txtSymbol=MACO,บริษัท มาสเตอร์ แอด จำกัด (มหาชน),SET
MAJOR,/C13_FastQuote_Main.jsp?txtBrokerId=IPO&selectPage=1&txtSymbol=MAJOR,บริษัท เมเจอร์ ซีนีเพล็กซ์ กรุ้ป จำกัด (มหาชน),SET
MAKRO,/C13_FastQuote_Main.jsp?txtBrokerId=IPO&selectPage=1&txtSymbol=MAKRO,บริษัท สยามแม็คโคร จำกัด (มหาชน),SET
MALEE,/C13_FastQuote_Main.jsp?txtBrokerId=IPO&selectPage=1&txtSymbol=MALEE,บริษัท มาลีกรุ๊ป จำกัด (มหาชน),SET
MANRIN,/C13_FastQuote_Main.jsp?txtBrokerId=IPO&selectPage=1&txtSymbol=MANRIN,บริษัท แมนดารินโฮเต็ล จำกัด (มหาชน),SET
MATCH,/C13_FastQuote_Main.jsp?txtBrokerId=IPO&selectPage=1&txtSymbol=MATCH,บริษัท แม็ทชิ่ง แม็กซิไมซ์ โซลูชั่น จำกัด (มหาชน),SET
MATI,/C13_FastQuote_Main.jsp?txtBrokerId=IPO&selectPage=1&txtSymbol=MATI,บริษัท มติชน จำกัด (มหาชน),SET
MAX,/C13_FastQuote_Main.jsp?txtBrokerId=IPO&selectPage=1&txtSymbol=MAX,บริษัท แมกซ์ เมทัล คอร์ปอเรชั่น จำกัด (มหาชน),SET
MBK,/C13_FastQuote_Main.jsp?txtBrokerId=IPO&selectPage=1&txtSymbol=MBK,บริษัท เอ็ม บี เค จำกัด (มหาชน),SET
MBKET,/C13_FastQuote_Main.jsp?txtBrokerId=IPO&selectPage=1&txtSymbol=MBKET,บริษัทหลักทรัพย์ เมย์แบงก์ กิมเอ็ง (ประเทศไทย) จำกัด (มหาชน),SET
MC,/C13_FastQuote_Main.jsp?txtBrokerId=IPO&selectPage=1&txtSymbol=MC,บริษัท แม็คกรุ๊ป จำกัด (มหาชน),SET
MCOT,/C13_FastQuote_Main.jsp?txtBrokerId=IPO&selectPage=1&txtSymbol=MCOT,บริษัท อสมท จำกัด (มหาชน),SET
MCS,/C13_FastQuote_Main.jsp?txtBrokerId=IPO&selectPage=1&txtSymbol=MCS,บริษัท เอ็ม.ซี.เอส.สตีล จำกัด (มหาชน),SET
MDX,/C13_FastQuote_Main.jsp?txtBrokerId=IPO&selectPage=1&txtSymbol=MDX,บริษัท เอ็ม ดี เอ็กซ์ จำกัด (มหาชน),SET
MEGA,/C13_FastQuote_Main.jsp?txtBrokerId=IPO&selectPage=1&txtSymbol=MEGA,บริษัท เมก้า ไลฟ์ไซแอ็นซ์ จำกัด (มหาชน),SET
METCO,/C13_FastQuote_Main.jsp?txtBrokerId=IPO&selectPage=1&txtSymbol=METCO,บริษัทมูราโมโต้ อีเล็คตรอน (ประเทศไทย) จำกัด (มหาชน),SET
MFC,/C13_FastQuote_Main.jsp?txtBrokerId=IPO&selectPage=1&txtSymbol=MFC,บริษัทหลักทรัพย์จัดการกองทุน เอ็มเอฟซี จำกัด(มหาชน),SET
MFEC,/C13_FastQuote_Main.jsp?txtBrokerId=IPO&selectPage=1&txtSymbol=MFEC,บริษัท เอ็ม เอฟ อี ซี จำกัด (มหาชน),SET
MIDA,/C13_FastQuote_Main.jsp?txtBrokerId=IPO&selectPage=1&txtSymbol=MIDA,บริษัท ไมด้า แอสเซ็ท จำกัด (มหาชน),SET
MILL,/C13_FastQuote_Main.jsp?txtBrokerId=IPO&selectPage=1&txtSymbol=MILL,บริษัท มิลล์คอน สตีล จำกัด (มหาชน),SET
MINT,/C13_FastQuote_Main.jsp?txtBrokerId=IPO&selectPage=1&txtSymbol=MINT,บริษัท ไมเนอร์ อินเตอร์เนชั่นแนล จำกัด (มหาชน),SET
MIPF,/C13_FastQuote_Main.jsp?txtBrokerId=IPO&selectPage=1&txtSymbol=MIPF,กองทุนรวมอสังหาริมทรัพย์มิลเลียนแนร์,SET
MIT,/C13_FastQuote_Main.jsp?txtBrokerId=IPO&selectPage=1&txtSymbol=MIT,ทรัสต์เพื่อการลงทุนในอสังหาริมทรัพย์เอ็มเอฟซีอินดัสเตรียล,SET
MJD,/C13_FastQuote_Main.jsp?txtBrokerId=IPO&selectPage=1&txtSymbol=MJD,บริษัท เมเจอร์ ดีเวลลอปเม้นท์ จำกัด (มหาชน),SET
MJLF,/C13_FastQuote_Main.jsp?txtBrokerId=IPO&selectPage=1&txtSymbol=MJLF,กองทุนรวมสิทธิการเช่าอสังหาฯ เมเจอร์ ซีนีเพล็กซ์ ไลฟ์สไตส์,SET
MK,/C13_FastQuote_Main.jsp?txtBrokerId=IPO&selectPage=1&txtSymbol=MK,บริษัท มั่นคงเคหะการ จำกัด (มหาชน),SET
ML,/C13_FastQuote_Main.jsp?txtBrokerId=IPO&selectPage=1&txtSymbol=ML,บริษัท ไมด้า ลิสซิ่ง จำกัด (มหาชน),SET
MNIT,/C13_FastQuote_Main.jsp?txtBrokerId=IPO&selectPage=1&txtSymbol=MNIT,กองทุนรวมอสังหาริมทรัพย์เอ็มเอฟซี-นิชดาธานี,SET
MNIT2,/C13_FastQuote_Main.jsp?txtBrokerId=IPO&selectPage=1&txtSymbol=MNIT2,กองทุนรวมอสังหาริมทรัพย์นิชดาธานี 2,SET
MNRF,/C13_FastQuote_Main.jsp?txtBrokerId=IPO&selectPage=1&txtSymbol=MNRF,กองทุนรวมอสังหาริมทรัพย์มัลติเนชั่นแนลเรสซิเดนซ์ฟันด์,SET
MODERN,/C13_FastQuote_Main.jsp?txtBrokerId=IPO&selectPage=1&txtSymbol=MODERN,บริษัท โมเดอร์นฟอร์มกรุ๊ป จำกัด (มหาชน),SET
MONO,/C13_FastQuote_Main.jsp?txtBrokerId=IPO&selectPage=1&txtSymbol=MONO,บริษัท โมโน เทคโนโลยี จำกัด (มหาชน),SET
MONTRI,/C13_FastQuote_Main.jsp?txtBrokerId=IPO&selectPage=1&txtSymbol=MONTRI,กองทุนรวมอสังหาริมทรัพย์แบบมีกรรมสิทธิ์ 101 มนตรี สโตร์เรจ,SET
MPIC,/C13_FastQuote_Main.jsp?txtBrokerId=IPO&selectPage=1&txtSymbol=MPIC,บริษัท เอ็ม พิคเจอร์ส เอ็นเตอร์เทนเม้นท์ จำกัด (มหาชน),SET
MSC,/C13_FastQuote_Main.jsp?txtBrokerId=IPO&selectPage=1&txtSymbol=MSC,บริษัท เมโทรซิสเต็มส์คอร์ปอเรชั่น จำกัด (มหาชน),SET
MTI,/C13_FastQuote_Main.jsp?txtBrokerId=IPO&selectPage=1&txtSymbol=MTI,บริษัท เมืองไทยประกันภัย จำกัด (มหาชน),SET
MTLS,/C13_FastQuote_Main.jsp?txtBrokerId=IPO&selectPage=1&txtSymbol=MTLS,บริษัท เมืองไทย ลิสซิ่ง จำกัด (มหาชน),SET
MBAX,/C13_FastQuote_Main.jsp?txtBrokerId=IPO&selectPage=1&txtSymbol=MBAX,บริษัท มัลติแบกซ์ จำกัด (มหาชน),MAI
MGT,/C13_FastQuote_Main.jsp?txtBrokerId=IPO&selectPage=1&txtSymbol=MGT,บริษัท เมกาเคม (ประเทศไทย) จำกัด (มหาชน),MAI
MM,/C13_FastQuote_Main.jsp?txtBrokerId=IPO&selectPage=1&txtSymbol=MM,บริษัท มัดแมน จำกัด (มหาชน),MAI
MOONG,/C13_FastQuote_Main.jsp?txtBrokerId=IPO&selectPage=1&txtSymbol=MOONG,บริษัท มุ่งพัฒนา อินเตอร์แนชชั่นแนล จำกัด (มหาชน),MAI
MPG,/C13_FastQuote_Main.jsp?txtBrokerId=IPO&selectPage=1&txtSymbol=MPG,บริษัท เอ็มพีจี คอร์ปอเรชั่น จำกัด (มหาชน),MAI
L&E,/C13_FastQuote_Main.jsp?txtBrokerId=IPO&selectPage=1&txtSymbol=L%26E,บริษัท ไลท์ติ้ง แอนด์ อีควิปเมนท์ จำกัด (มหาชน),SET
LALIN,/C13_FastQuote_Main.jsp?txtBrokerId=IPO&selectPage=1&txtSymbol=LALIN,บริษัท ลลิล พร็อพเพอร์ตี้ จำกัด (มหาชน),SET
LANNA,/C13_FastQuote_Main.jsp?txtBrokerId=IPO&selectPage=1&txtSymbol=LANNA,บริษัท ลานนารีซอร์สเซส จำกัด (มหาชน),SET
LEE,/C13_FastQuote_Main.jsp?txtBrokerId=IPO&selectPage=1&txtSymbol=LEE,บริษัท ลีพัฒนาผลิตภัณฑ์ จำกัด (มหาชน),SET
LH,/C13_FastQuote_Main.jsp?txtBrokerId=IPO&selectPage=1&txtSymbol=LH,บริษัทแลนด์แอนด์เฮ้าส์ จำกัด (มหาชน),SET
LHBANK,/C13_FastQuote_Main.jsp?txtBrokerId=IPO&selectPage=1&txtSymbol=LHBANK,บริษัท แอล เอช ไฟแนนซ์เชียล กรุ๊ป จำกัด (มหาชน),SET
LHHOTEL,/C13_FastQuote_Main.jsp?txtBrokerId=IPO&selectPage=1&txtSymbol=LHHOTEL,ทรัสต์เพื่อการลงทุนในสิทธิการเช่าอสังหาริมทรัพย์ แอล เอช โฮเทล,SET
LHK,/C13_FastQuote_Main.jsp?txtBrokerId=IPO&selectPage=1&txtSymbol=LHK,บริษัท โลหะกิจ เม็ททอล จำกัด (มหาชน),SET
LHPF,/C13_FastQuote_Main.jsp?txtBrokerId=IPO&selectPage=1&txtSymbol=LHPF,กองทุนรวมอสังหาริมทรัพย์และสิทธิการเช่า แลนด์ แอนด์ เฮ้าส์,SET
LHSC,/C13_FastQuote_Main.jsp?txtBrokerId=IPO&selectPage=1&txtSymbol=LHSC,ทรัสต์เพื่อการลงทุนในสิทธิการเช่าอสังหาริมทรัพย์ แอล เอช ช้อปปิ้ง เซ็นเตอร์,SET
LOXLEY,/C13_FastQuote_Main.jsp?txtBrokerId=IPO&selectPage=1&txtSymbol=LOXLEY,บริษัท ล็อกซเล่ย์ จำกัด (มหาชน),SET
LPH,/C13_FastQuote_Main.jsp?txtBrokerId=IPO&selectPage=1&txtSymbol=LPH,บริษัท โรงพยาบาล ลาดพร้าว จำกัด (มหาชน),SET
LPN,/C13_FastQuote_Main.jsp?txtBrokerId=IPO&selectPage=1&txtSymbol=LPN,บริษัท แอล.พี.เอ็น.ดีเวลลอปเมนท์ จำกัด (มหาชน),SET
LRH,/C13_FastQuote_Main.jsp?txtBrokerId=IPO&selectPage=1&txtSymbol=LRH,บริษัท ลากูน่า รีสอร์ท แอนด์ โฮเท็ล จำกัด (มหาชน),SET
LST,/C13_FastQuote_Main.jsp?txtBrokerId=IPO&selectPage=1&txtSymbol=LST,บริษัท ล่ำสูง (ประเทศไทย) จำกัด (มหาชน),SET
LTX,/C13_FastQuote_Main.jsp?txtBrokerId=IPO&selectPage=1&txtSymbol=LTX,บริษัท ลัคกี้เท็คซ์ (ไทย) จำกัด (มหาชน),SET
LUXF,/C13_FastQuote_Main.jsp?txtBrokerId=IPO&selectPage=1&txtSymbol=LUXF,กองทุนรวมอสังหาริมทรัพย์ลักซ์ชัวรี่,SET
LDC,/C13_FastQuote_Main.jsp?txtBrokerId=IPO&selectPage=1&txtSymbol=LDC,บริษัท แอลดีซี เด็นทัล จำกัด (มหาชน),MAI
LIT,/C13_FastQuote_Main.jsp?txtBrokerId=IPO&selectPage=1&txtSymbol=LIT,บริษัท ลีซ อิท จำกัด (มหาชน),MAI
OCC,/C13_FastQuote_Main.jsp?txtBrokerId=IPO&selectPage=1&txtSymbol=OCC,บริษัท โอ ซี ซี จำกัด (มหาชน),SET
OGC,/C13_FastQuote_Main.jsp?txtBrokerId=IPO&selectPage=1&txtSymbol=OGC,บริษัท โอเชียนกลาส จำกัด (มหาชน),SET
OHTL,/C13_FastQuote_Main.jsp?txtBrokerId=IPO&selectPage=1&txtSymbol=OHTL,บริษัท โอเอชทีแอล จำกัด (มหาชน),SET
OISHI,/C13_FastQuote_Main.jsp?txtBrokerId=IPO&selectPage=1&txtSymbol=OISHI,บริษัท โออิชิ กรุ๊ป จำกัด (มหาชน),SET
ORI,/C13_FastQuote_Main.jsp?txtBrokerId=IPO&selectPage=1&txtSymbol=ORI,บริษัท ออริจิ้น พร็อพเพอร์ตี้ จำกัด (มหาชน),SET
OCEAN,/C13_FastQuote_Main.jsp?txtBrokerId=IPO&selectPage=1&txtSymbol=OCEAN,บริษัท โอเชี่ยน คอมเมิรช จำกัด (มหาชน),MAI
OTO,/C13_FastQuote_Main.jsp?txtBrokerId=IPO&selectPage=1&txtSymbol=OTO,บริษัท วันทูวัน คอนแทคส์ จำกัด (มหาชน),MAI
NC,/C13_FastQuote_Main.jsp?txtBrokerId=IPO&selectPage=1&txtSymbol=NC,บริษัท นิวซิตี้ (กรุงเทพฯ) จำกัด (มหาชน),SET
NCH,/C13_FastQuote_Main.jsp?txtBrokerId=IPO&selectPage=1&txtSymbol=NCH,บริษัท เอ็น. ซี. เฮ้าส์ซิ่ง จำกัด (มหาชน),SET
NEP,/C13_FastQuote_Main.jsp?txtBrokerId=IPO&selectPage=1&txtSymbol=NEP,บริษัท เอ็นอีพี อสังหาริมทรัพย์ และอุตสาหกรรม จำกัด (มหาชน),SET
NEW,/C13_FastQuote_Main.jsp?txtBrokerId=IPO&selectPage=1&txtSymbol=NEW,บริษัท วัฒนาการแพทย์ จำกัด (มหาชน),SET
NKI,/C13_FastQuote_Main.jsp?txtBrokerId=IPO&selectPage=1&txtSymbol=NKI,บริษัท นวกิจประกันภัย จำกัด (มหาชน),SET
NMG,/C13_FastQuote_Main.jsp?txtBrokerId=IPO&selectPage=1&txtSymbol=NMG,บริษัท เนชั่น มัลติมีเดีย กรุ๊ป จำกัด (มหาชน),SET
NNCL,/C13_FastQuote_Main.jsp?txtBrokerId=IPO&selectPage=1&txtSymbol=NNCL,บริษัท นวนคร จำกัด (มหาชน),SET
NOBLE,/C13_FastQuote_Main.jsp?txtBrokerId=IPO&selectPage=1&txtSymbol=NOBLE,บริษัท โนเบิล ดีเวลลอปเมนท์ จำกัด (มหาชน),SET
NOK,/C13_FastQuote_Main.jsp?txtBrokerId=IPO&selectPage=1&txtSymbol=NOK,บริษัท สายการบินนกแอร์ จำกัด (มหาชน),SET
NPP,/C13_FastQuote_Main.jsp?txtBrokerId=IPO&selectPage=1&txtSymbol=NPP,บริษัท นิปปอน แพ็ค (ประเทศไทย) จำกัด (มหาชน),SET
NSI,/C13_FastQuote_Main.jsp?txtBrokerId=IPO&selectPage=1&txtSymbol=NSI,บริษัทนำสินประกันภัย จำกัด (มหาชน),SET
NTV,/C13_FastQuote_Main.jsp?txtBrokerId=IPO&selectPage=1&txtSymbol=NTV,บริษัท โรงพยาบาลนนทเวช จำกัด (มหาชน),SET
NUSA,/C13_FastQuote_Main.jsp?txtBrokerId=IPO&selectPage=1&txtSymbol=NUSA,บริษัท ณุศาศิริ จำกัด (มหาชน),SET
NWR,/C13_FastQuote_Main.jsp?txtBrokerId=IPO&selectPage=1&txtSymbol=NWR,บริษัทเนาวรัตน์พัฒนาการ จำกัด (มหาชน),SET
NYT,/C13_FastQuote_Main.jsp?txtBrokerId=IPO&selectPage=1&txtSymbol=NYT,บริษัท นามยง เทอร์มินัล จำกัด (มหาชน),SET
NBC,/C13_FastQuote_Main.jsp?txtBrokerId=IPO&selectPage=1&txtSymbol=NBC,บริษัท เนชั่น บรอดแคสติ้ง คอร์ปอเรชั่น จำกัด (มหาชน),MAI
NCL,/C13_FastQuote_Main.jsp?txtBrokerId=IPO&selectPage=1&txtSymbol=NCL,บริษัท เอ็นซีแอล อินเตอร์เนชั่นแนล โลจิสติกส์ จำกัด (มหาชน),MAI
NDR,/C13_FastQuote_Main.jsp?txtBrokerId=IPO&selectPage=1&txtSymbol=NDR,บริษัท เอ็น.ดี.รับเบอร์ จำกัด (มหาชน),MAI
NETBAY,/C13_FastQuote_Main.jsp?txtBrokerId=IPO&selectPage=1&txtSymbol=NETBAY,บริษัท เน็ตเบย์ จำกัด (มหาชน),MAI
NEWS,/C13_FastQuote_Main.jsp?txtBrokerId=IPO&selectPage=1&txtSymbol=NEWS,บริษัท นิวส์ เน็ตเวิร์ค คอร์ปอเรชั่น จำกัด (มหาชน),MAI
NINE,/C13_FastQuote_Main.jsp?txtBrokerId=IPO&selectPage=1&txtSymbol=NINE,บริษัท เนชั่น อินเตอร์เนชั่นแนล เอ็ดดูเทนเมนท์ จำกัด (มหาชน),MAI
NPK,/C13_FastQuote_Main.jsp?txtBrokerId=IPO&selectPage=1&txtSymbol=NPK,บริษัท นิวพลัสนิตติ้ง จำกัด (มหาชน),MAI
NVD,/C13_FastQuote_Main.jsp?txtBrokerId=IPO&selectPage=1&txtSymbol=NVD,บริษัท เนอวานา ไดอิ จำกัด (มหาชน),MAI
Q-CON,/C13_FastQuote_Main.jsp?txtBrokerId=IPO&selectPage=1&txtSymbol=Q-CON,บริษัท ควอลิตี้คอนสตรัคชั่นโปรดัคส์ จำกัด (มหาชน),SET
QH,/C13_FastQuote_Main.jsp?txtBrokerId=IPO&selectPage=1&txtSymbol=QH,บริษัท ควอลิตี้เฮ้าส์ จำกัด (มหาชน),SET
QHHR,/C13_FastQuote_Main.jsp?txtBrokerId=IPO&selectPage=1&txtSymbol=QHHR,กองทุนรวมอสังหาริมทรัพย์และสิทธิการเช่า ควอลิตี้ เฮ้าส์ โฮเทล แอนด์  เรซิเดนซ์,SET
QHOP,/C13_FastQuote_Main.jsp?txtBrokerId=IPO&selectPage=1&txtSymbol=QHOP,กองทุนรวมสิทธิการเช่าอสังหาริมทรัพย์ควอลิตี้ ฮอสพิทอลลิตี้,SET
QHPF,/C13_FastQuote_Main.jsp?txtBrokerId=IPO&selectPage=1&txtSymbol=QHPF,กองทุนรวมสิทธิการเช่าอสังหาริมทรัพย์ควอลิตี้ เฮ้าส์,SET
QLT,/C13_FastQuote_Main.jsp?txtBrokerId=IPO&selectPage=1&txtSymbol=QLT,บริษัท ควอลลีเทค จำกัด (มหาชน),MAI
QTC,/C13_FastQuote_Main.jsp?txtBrokerId=IPO&selectPage=1&txtSymbol=QTC,บริษัท คิวทีซี เอนเนอร์ยี่ จำกัด (มหาชน),MAI
RAM,/C13_FastQuote_Main.jsp?txtBrokerId=IPO&selectPage=1&txtSymbol=RAM,บริษัท โรงพยาบาลรามคำแหง จำกัด (มหาชน),SET
RATCH,/C13_FastQuote_Main.jsp?txtBrokerId=IPO&selectPage=1&txtSymbol=RATCH,บริษัท ผลิตไฟฟ้าราชบุรีโฮลดิ้ง จำกัด (มหาชน),SET
RCI,/C13_FastQuote_Main.jsp?txtBrokerId=IPO&selectPage=1&txtSymbol=RCI,บริษัท โรแยล ซีรามิค อุตสาหกรรม จำกัด (มหาชน),SET
RCL,/C13_FastQuote_Main.jsp?txtBrokerId=IPO&selectPage=1&txtSymbol=RCL,บริษัท อาร์ ซี แอล จำกัด (มหาชน),SET
RICH,/C13_FastQuote_Main.jsp?txtBrokerId=IPO&selectPage=1&txtSymbol=RICH,บริษัท ริช เอเชีย คอร์ปอเรชั่น จำกัด (มหาชน),SET
RICHY,/C13_FastQuote_Main.jsp?txtBrokerId=IPO&selectPage=1&txtSymbol=RICHY,บริษัท ริชี่ เพลซ 2002 จำกัด (มหาชน),SET
RJH,/C13_FastQuote_Main.jsp?txtBrokerId=IPO&selectPage=1&txtSymbol=RJH,บริษัท โรงพยาบาลราชธานี จำกัด (มหาชน),SET
RML,/C13_FastQuote_Main.jsp?txtBrokerId=IPO&selectPage=1&txtSymbol=RML,บริษัท ไรมอน แลนด์ จำกัด (มหาชน),SET
ROBINS,/C13_FastQuote_Main.jsp?txtBrokerId=IPO&selectPage=1&txtSymbol=ROBINS,บริษัท โรบินสัน จำกัด (มหาชน),SET
ROCK,/C13_FastQuote_Main.jsp?txtBrokerId=IPO&selectPage=1&txtSymbol=ROCK,บริษัท ร้อกเวิธ จำกัด (มหาชน),SET
ROH,/C13_FastQuote_Main.jsp?txtBrokerId=IPO&selectPage=1&txtSymbol=ROH,บริษัท โรงแรมรอยัล ออคิด (ประเทศไทย) จำกัด (มหาชน),SET
ROJNA,/C13_FastQuote_Main.jsp?txtBrokerId=IPO&selectPage=1&txtSymbol=ROJNA,บริษัท สวนอุตสาหกรรมโรจนะ จำกัด (มหาชน),SET
RPC,/C13_FastQuote_Main.jsp?txtBrokerId=IPO&selectPage=1&txtSymbol=RPC,บริษัท อาร์พีซีจี จำกัด (มหาชน),SET
RPH,/C13_FastQuote_Main.jsp?txtBrokerId=IPO&selectPage=1&txtSymbol=RPH,บริษัท โรงพยาบาลราชพฤกษ์ จำกัด (มหาชน),SET
RS,/C13_FastQuote_Main.jsp?txtBrokerId=IPO&selectPage=1&txtSymbol=RS,บริษัท อาร์เอส จำกัด (มหาชน),SET
RSP,/C13_FastQuote_Main.jsp?txtBrokerId=IPO&selectPage=1&txtSymbol=RSP,บริษัท ริช สปอร์ต จำกัด (มหาชน),SET
RP,/C13_FastQuote_Main.jsp?txtBrokerId=IPO&selectPage=1&txtSymbol=RP,บริษัท ท่าเรือราชาเฟอร์รี่ จำกัด (มหาชน),MAI
RWI,/C13_FastQuote_Main.jsp?txtBrokerId=IPO&selectPage=1&txtSymbol=RWI,บริษัท ระยองไวร์ อินดัสตรีส์ จำกัด (มหาชน),MAI
PACE,/C13_FastQuote_Main.jsp?txtBrokerId=IPO&selectPage=1&txtSymbol=PACE,บริษัท เพซ ดีเวลลอปเมนท์ คอร์ปอเรชั่น จำกัด (มหาชน),SET
PAF,/C13_FastQuote_Main.jsp?txtBrokerId=IPO&selectPage=1&txtSymbol=PAF,บริษัท แพนเอเซียฟุตแวร์ จำกัด (มหาชน),SET
PAP,/C13_FastQuote_Main.jsp?txtBrokerId=IPO&selectPage=1&txtSymbol=PAP,บริษัท แปซิฟิกไพพ์ จำกัด (มหาชน),SET
PATO,/C13_FastQuote_Main.jsp?txtBrokerId=IPO&selectPage=1&txtSymbol=PATO,บริษัท พาโตเคมีอุตสาหกรรม จำกัด (มหาชน),SET
PB,/C13_FastQuote_Main.jsp?txtBrokerId=IPO&selectPage=1&txtSymbol=PB,บริษัท เพรซิเดนท์ เบเกอรี่ จำกัด (มหาชน),SET
PCSGH,/C13_FastQuote_Main.jsp?txtBrokerId=IPO&selectPage=1&txtSymbol=PCSGH,บริษัท พี.ซี.เอส.แมชีน กรุ๊ปโฮลดิ้ง จำกัด (มหาชน),SET
PDI,/C13_FastQuote_Main.jsp?txtBrokerId=IPO&selectPage=1&txtSymbol=PDI,บริษัท ผาแดงอินดัสทรี จำกัด (มหาชน),SET
PE,/C13_FastQuote_Main.jsp?txtBrokerId=IPO&selectPage=1&txtSymbol=PE,บริษัท พรีเมียร์เอ็นเตอร์ไพรซ์ จำกัด (มหาชน),SET
PERM,/C13_FastQuote_Main.jsp?txtBrokerId=IPO&selectPage=1&txtSymbol=PERM,บริษัท เพิ่มสินสตีลเวิคส์ จำกัด (มหาชน),SET
PF,/C13_FastQuote_Main.jsp?txtBrokerId=IPO&selectPage=1&txtSymbol=PF,บริษัท พร็อพเพอร์ตี้ เพอร์เฟค จำกัด (มหาชน),SET
PG,/C13_FastQuote_Main.jsp?txtBrokerId=IPO&selectPage=1&txtSymbol=PG,บริษัท ประชาอาภรณ์ จำกัด (มหาชน),SET
PK,/C13_FastQuote_Main.jsp?txtBrokerId=IPO&selectPage=1&txtSymbol=PK,บริษัท พัฒน์กล จำกัด (มหาชน),SET
PL,/C13_FastQuote_Main.jsp?txtBrokerId=IPO&selectPage=1&txtSymbol=PL,บริษัท ภัทรลิสซิ่ง จำกัด (มหาชน),SET
PLANB,/C13_FastQuote_Main.jsp?txtBrokerId=IPO&selectPage=1&txtSymbol=PLANB,บริษัท แพลน บี มีเดีย จำกัด (มหาชน),SET
PLAT,/C13_FastQuote_Main.jsp?txtBrokerId=IPO&selectPage=1&txtSymbol=PLAT,บริษัท เดอะ แพลทินัม กรุ๊ป จำกัด (มหาชน),SET
PLE,/C13_FastQuote_Main.jsp?txtBrokerId=IPO&selectPage=1&txtSymbol=PLE,บริษัท เพาเวอร์ไลน์ เอ็นจิเนียริ่ง จำกัด (มหาชน),SET
PM,/C13_FastQuote_Main.jsp?txtBrokerId=IPO&selectPage=1&txtSymbol=PM,บริษัท พรีเมียร์ มาร์เก็ตติ้ง จำกัด (มหาชน),SET
PMTA,/C13_FastQuote_Main.jsp?txtBrokerId=IPO&selectPage=1&txtSymbol=PMTA,บริษัท พีเอ็ม โทรีเซน เอเชีย โฮลดิ้งส์ จำกัด (มหาชน),SET
POLAR,/C13_FastQuote_Main.jsp?txtBrokerId=IPO&selectPage=1&txtSymbol=POLAR,บริษัท โพลาริส แคปปิตัล จำกัด (มหาชน),SET
POPF,/C13_FastQuote_Main.jsp?txtBrokerId=IPO&selectPage=1&txtSymbol=POPF,กองทุนรวมสิทธิการเช่าอสังหาริมทรัพย์ไพร์มออฟฟิศ,SET
POST,/C13_FastQuote_Main.jsp?txtBrokerId=IPO&selectPage=1&txtSymbol=POST,บริษัท บางกอก โพสต์ จำกัด (มหาชน),SET
PPF,/C13_FastQuote_Main.jsp?txtBrokerId=IPO&selectPage=1&txtSymbol=PPF,กองทุนรวมอสังหาริมทรัพย์ปิ่นทอง อินดัสเตรียล ปาร์ค,SET
PPP,/C13_FastQuote_Main.jsp?txtBrokerId=IPO&selectPage=1&txtSymbol=PPP,บริษัท พรีเมียร์ โพรดักส์ จำกัด (มหาชน),SET
PRAKIT,/C13_FastQuote_Main.jsp?txtBrokerId=IPO&selectPage=1&txtSymbol=PRAKIT,บริษัท ประกิต โฮลดิ้งส์ จำกัด (มหาชน),SET
PRANDA,/C13_FastQuote_Main.jsp?txtBrokerId=IPO&selectPage=1&txtSymbol=PRANDA,บริษัท แพรนด้า จิวเวลรี่ จำกัด (มหาชน),SET
PREB,/C13_FastQuote_Main.jsp?txtBrokerId=IPO&selectPage=1&txtSymbol=PREB,บริษัท พรีบิลท์ จำกัด (มหาชน),SET
PRECHA,/C13_FastQuote_Main.jsp?txtBrokerId=IPO&selectPage=1&txtSymbol=PRECHA,บริษัท ปรีชากรุ๊ป จำกัด (มหาชน),SET
PRG,/C13_FastQuote_Main.jsp?txtBrokerId=IPO&selectPage=1&txtSymbol=PRG,บริษัท ปทุมไรซมิล แอนด์ แกรนารี จำกัด (มหาชน),SET
PRIN,/C13_FastQuote_Main.jsp?txtBrokerId=IPO&selectPage=1&txtSymbol=PRIN,บริษัท ปริญสิริ จำกัด (มหาชน),SET
PRINC,/C13_FastQuote_Main.jsp?txtBrokerId=IPO&selectPage=1&txtSymbol=PRINC,บริษัท พริ้นซิเพิล แคปิตอล จำกัด (มหาชน),SET
PRM,/C13_FastQuote_Main.jsp?txtBrokerId=IPO&selectPage=1&txtSymbol=PRM,บริษัท พริมา มารีน จำกัด (มหาชน),SET
PSH,/C13_FastQuote_Main.jsp?txtBrokerId=IPO&selectPage=1&txtSymbol=PSH,บริษัท พฤกษา โฮลดิ้ง จำกัด (มหาชน),SET
PSL,/C13_FastQuote_Main.jsp?txtBrokerId=IPO&selectPage=1&txtSymbol=PSL,บริษัท พรีเชียส ชิพปิ้ง จำกัด (มหาชน),SET
PT,/C13_FastQuote_Main.jsp?txtBrokerId=IPO&selectPage=1&txtSymbol=PT,บริษัท พรีเมียร์ เทคโนโลยี จำกัด (มหาชน),SET
PTG,/C13_FastQuote_Main.jsp?txtBrokerId=IPO&selectPage=1&txtSymbol=PTG,บริษัท พีทีจี เอ็นเนอยี จำกัด (มหาชน),SET
PTL,/C13_FastQuote_Main.jsp?txtBrokerId=IPO&selectPage=1&txtSymbol=PTL,บริษัท โพลีเพล็กซ์ (ประเทศไทย) จำกัด (มหาชน),SET
PTT,/C13_FastQuote_Main.jsp?txtBrokerId=IPO&selectPage=1&txtSymbol=PTT,บริษัท ปตท. จำกัด (มหาชน),SET
PTTEP,/C13_FastQuote_Main.jsp?txtBrokerId=IPO&selectPage=1&txtSymbol=PTTEP,บริษัท ปตท. สำรวจและผลิตปิโตรเลียม จำกัด (มหาชน),SET
PTTGC,/C13_FastQuote_Main.jsp?txtBrokerId=IPO&selectPage=1&txtSymbol=PTTGC,บริษัท พีทีที โกลบอล เคมิคอล จำกัด (มหาชน),SET
PYLON,/C13_FastQuote_Main.jsp?txtBrokerId=IPO&selectPage=1&txtSymbol=PYLON,บริษัท ไพลอน จำกัด (มหาชน),SET
PDG,/C13_FastQuote_Main.jsp?txtBrokerId=IPO&selectPage=1&txtSymbol=PDG,บริษัท พรอดดิจิ จำกัด (มหาชน),MAI
PHOL,/C13_FastQuote_Main.jsp?txtBrokerId=IPO&selectPage=1&txtSymbol=PHOL,บริษัท ผลธัญญะ จำกัด (มหาชน),MAI
PICO,/C13_FastQuote_Main.jsp?txtBrokerId=IPO&selectPage=1&txtSymbol=PICO,บริษัท ปิโก (ไทยแลนด์) จำกัด (มหาชน),MAI
PIMO,/C13_FastQuote_Main.jsp?txtBrokerId=IPO&selectPage=1&txtSymbol=PIMO,บริษัท ไพโอเนียร์ มอเตอร์ จำกัด (มหาชน),MAI
PJW,/C13_FastQuote_Main.jsp?txtBrokerId=IPO&selectPage=1&txtSymbol=PJW,บริษัท ปัญจวัฒนาพลาสติก จำกัด (มหาชน),MAI
PLANET,/C13_FastQuote_Main.jsp?txtBrokerId=IPO&selectPage=1&txtSymbol=PLANET,บริษัท แพลนเน็ต คอมมิวนิเคชั่น เอเชีย จำกัด (มหาชน),MAI
PORT,/C13_FastQuote_Main.jsp?txtBrokerId=IPO&selectPage=1&txtSymbol=PORT,บริษัท สหไทย เทอร์มินอล จำกัด (มหาชน),MAI
PPM,/C13_FastQuote_Main.jsp?txtBrokerId=IPO&selectPage=1&txtSymbol=PPM,บริษัท พรพรหมเม็ททอล จำกัด (มหาชน),MAI
PPS,/C13_FastQuote_Main.jsp?txtBrokerId=IPO&selectPage=1&txtSymbol=PPS,บริษัท โปรเจค แพลนนิ่ง เซอร์วิส จำกัด (มหาชน),MAI
PSTC,/C13_FastQuote_Main.jsp?txtBrokerId=IPO&selectPage=1&txtSymbol=PSTC,บริษัท เพาเวอร์ โซลูชั่น เทคโนโลยี จำกัด (มหาชน),MAI
S,/C13_FastQuote_Main.jsp?txtBrokerId=IPO&selectPage=1&txtSymbol=S,บริษัท สิงห์ เอสเตท จำกัด (มหาชน),SET
S & J,/C13_FastQuote_Main.jsp?txtBrokerId=IPO&selectPage=1&txtSymbol=S+%26+J,บ.เอส แอนด์ เจ อินเตอร์เนชั่นแนล เอนเตอร์ไพรส์ จำกัด (มหาชน),SET
S11,/C13_FastQuote_Main.jsp?txtBrokerId=IPO&selectPage=1&txtSymbol=S11,บริษัท เอส 11 กรุ๊ป จำกัด (มหาชน),SET
SABINA,/C13_FastQuote_Main.jsp?txtBrokerId=IPO&selectPage=1&txtSymbol=SABINA,บริษัท ซาบีน่า จำกัด (มหาชน),SET
SAM,/C13_FastQuote_Main.jsp?txtBrokerId=IPO&selectPage=1&txtSymbol=SAM,บริษัท สามชัย สตีล อินดัสทรี จำกัด (มหาชน),SET
SAMART,/C13_FastQuote_Main.jsp?txtBrokerId=IPO&selectPage=1&txtSymbol=SAMART,บริษัท สามารถคอร์ปอเรชั่น จำกัด (มหาชน),SET
SAMCO,/C13_FastQuote_Main.jsp?txtBrokerId=IPO&selectPage=1&txtSymbol=SAMCO,บริษัท สัมมากร จำกัด (มหาชน),SET
SAMTEL,/C13_FastQuote_Main.jsp?txtBrokerId=IPO&selectPage=1&txtSymbol=SAMTEL,บริษัท สามารถเทลคอม จำกัด (มหาชน),SET
SAPPE,/C13_FastQuote_Main.jsp?txtBrokerId=IPO&selectPage=1&txtSymbol=SAPPE,บริษัท เซ็ปเป้ จำกัด (มหาชน),SET
SAT,/C13_FastQuote_Main.jsp?txtBrokerId=IPO&selectPage=1&txtSymbol=SAT,บริษัท สมบูรณ์ แอ๊ดวานซ์ เทคโนโลยี จำกัด (มหาชน),SET
SAUCE,/C13_FastQuote_Main.jsp?txtBrokerId=IPO&selectPage=1&txtSymbol=SAUCE,บริษัท ไทยเทพรส จำกัด (มหาชน),SET
SAWAD,/C13_FastQuote_Main.jsp?txtBrokerId=IPO&selectPage=1&txtSymbol=SAWAD,บริษัท ศรีสวัสดิ์ คอร์ปอเรชั่น จำกัด (มหาชน),SET
SAWANG,/C13_FastQuote_Main.jsp?txtBrokerId=IPO&selectPage=1&txtSymbol=SAWANG,บริษัท สว่างเอ็กซ์ปอร์ต จำกัด (มหาชน),SET
SBPF,/C13_FastQuote_Main.jsp?txtBrokerId=IPO&selectPage=1&txtSymbol=SBPF,กองทุนรวมอสังหาริมทรัพย์ สมุยบุรี,SET
SC,/C13_FastQuote_Main.jsp?txtBrokerId=IPO&selectPage=1&txtSymbol=SC,บริษัท เอสซี แอสเสท คอร์ปอเรชั่น จำกัด (มหาชน),SET
SCB,/C13_FastQuote_Main.jsp?txtBrokerId=IPO&selectPage=1&txtSymbol=SCB,ธนาคารไทยพาณิชย์ จำกัด (มหาชน),SET
SCC,/C13_FastQuote_Main.jsp?txtBrokerId=IPO&selectPage=1&txtSymbol=SCC,บริษัท ปูนซิเมนต์ไทย จำกัด(มหาชน),SET
SCCC,/C13_FastQuote_Main.jsp?txtBrokerId=IPO&selectPage=1&txtSymbol=SCCC,บริษัท ปูนซีเมนต์นครหลวง จำกัด (มหาชน),SET
SCG,/C13_FastQuote_Main.jsp?txtBrokerId=IPO&selectPage=1&txtSymbol=SCG,บริษัท สหโคเจน (ชลบุรี) จำกัด (มหาชน),SET
SCI,/C13_FastQuote_Main.jsp?txtBrokerId=IPO&selectPage=1&txtSymbol=SCI,บริษัท เอสซีไอ อีเลคตริค จำกัด (มหาชน),SET
SCN,/C13_FastQuote_Main.jsp?txtBrokerId=IPO&selectPage=1&txtSymbol=SCN,บริษัท สแกน อินเตอร์ จำกัด (มหาชน),SET
SCP,/C13_FastQuote_Main.jsp?txtBrokerId=IPO&selectPage=1&txtSymbol=SCP,บริษัท ทักษิณคอนกรีต จำกัด (มหาชน),SET
SDC,/C13_FastQuote_Main.jsp?txtBrokerId=IPO&selectPage=1&txtSymbol=SDC,บริษัท สามารถ ดิจิตอล จำกัด (มหาชน),SET
SE-ED,/C13_FastQuote_Main.jsp?txtBrokerId=IPO&selectPage=1&txtSymbol=SE-ED,บริษัท ซีเอ็ดยูเคชั่น จำกัด (มหาชน),SET
SEAFCO,/C13_FastQuote_Main.jsp?txtBrokerId=IPO&selectPage=1&txtSymbol=SEAFCO,บริษัท ซีฟโก้ จำกัด (มหาชน),SET
SENA,/C13_FastQuote_Main.jsp?txtBrokerId=IPO&selectPage=1&txtSymbol=SENA,บริษัท เสนาดีเวลลอปเม้นท์ จำกัด (มหาชน),SET
SF,/C13_FastQuote_Main.jsp?txtBrokerId=IPO&selectPage=1&txtSymbol=SF,บริษัท สยามฟิวเจอร์ ดีเวลอปเมนท์ จำกัด (มหาชน),SET
SFP,/C13_FastQuote_Main.jsp?txtBrokerId=IPO&selectPage=1&txtSymbol=SFP,บริษัท อาหารสยาม จำกัด(มหาชน),SET
SGP,/C13_FastQuote_Main.jsp?txtBrokerId=IPO&selectPage=1&txtSymbol=SGP,บริษัท สยามแก๊ส แอนด์ ปิโตรเคมีคัลส์ จำกัด (มหาชน),SET
SHANG,/C13_FastQuote_Main.jsp?txtBrokerId=IPO&selectPage=1&txtSymbol=SHANG,บริษัท แชงกรี-ลา โฮเต็ล จำกัด (มหาชน),SET
SHREIT,/C13_FastQuote_Main.jsp?txtBrokerId=IPO&selectPage=1&txtSymbol=SHREIT,ทรัสต์เพื่อการลงทุนในอสังหาริมทรัพย์แบบต่ออายุได้เพื่อธุรกิจโรงแรมและสิทธิการเช่าสตราทีจิก ฮอสพิทอลลิตี้,SET
SIAM,/C13_FastQuote_Main.jsp?txtBrokerId=IPO&selectPage=1&txtSymbol=SIAM,บริษัท สยามสตีลอินเตอร์เนชั่นแนล จำกัด (มหาชน),SET
SINGER,/C13_FastQuote_Main.jsp?txtBrokerId=IPO&selectPage=1&txtSymbol=SINGER,บริษัท ซิงเกอร์ประเทศไทย จำกัด (มหาชน),SET
SIRI,/C13_FastQuote_Main.jsp?txtBrokerId=IPO&selectPage=1&txtSymbol=SIRI,บริษัท แสนสิริ จำกัด (มหาชน),SET
SIRIP,/C13_FastQuote_Main.jsp?txtBrokerId=IPO&selectPage=1&txtSymbol=SIRIP,กองทุนรวมอสังหาริมทรัพย์แสนสิริ ไพร์มออฟฟิศ,SET
SIS,/C13_FastQuote_Main.jsp?txtBrokerId=IPO&selectPage=1&txtSymbol=SIS,บริษัท เอสไอเอส ดิสทริบิวชั่น (ประเทศไทย) จำกัด (มหาชน),SET
SITHAI,/C13_FastQuote_Main.jsp?txtBrokerId=IPO&selectPage=1&txtSymbol=SITHAI,บริษัท ศรีไทยซุปเปอร์แวร์ จำกัด (มหาชน),SET
SKE,/C13_FastQuote_Main.jsp?txtBrokerId=IPO&selectPage=1&txtSymbol=SKE,บริษัท สากล เอนเนอยี จำกัด (มหาชน),SET
SKN,/C13_FastQuote_Main.jsp?txtBrokerId=IPO&selectPage=1&txtSymbol=SKN,บริษัท ส.กิจชัย เอ็นเตอร์ไพรส์ จำกัด (มหาชน),SET
SKR,/C13_FastQuote_Main.jsp?txtBrokerId=IPO&selectPage=1&txtSymbol=SKR,บริษัท ศิครินทร์ จำกัด (มหาชน),SET
SLP,/C13_FastQuote_Main.jsp?txtBrokerId=IPO&selectPage=1&txtSymbol=SLP,บริษัท สาลี่ พริ้นท์ติ้ง จำกัด (มหาชน),SET
SMIT,/C13_FastQuote_Main.jsp?txtBrokerId=IPO&selectPage=1&txtSymbol=SMIT,บริษัท สหมิตรเครื่องกล จำกัด (มหาชน),SET
SMK,/C13_FastQuote_Main.jsp?txtBrokerId=IPO&selectPage=1&txtSymbol=SMK,บริษัท สินมั่นคงประกันภัย จำกัด (มหาชน),SET
SMM,/C13_FastQuote_Main.jsp?txtBrokerId=IPO&selectPage=1&txtSymbol=SMM,บริษัท สยามอินเตอร์มัลติมีเดีย จำกัด (มหาชน),SET
SMPC,/C13_FastQuote_Main.jsp?txtBrokerId=IPO&selectPage=1&txtSymbol=SMPC,บริษัท สหมิตรถังแก๊ส จำกัด (มหาชน),SET
SMT,/C13_FastQuote_Main.jsp?txtBrokerId=IPO&selectPage=1&txtSymbol=SMT,บริษัท สตาร์ส ไมโครอิเล็กทรอนิกส์ (ประเทศไทย) จำกัด (มหาชน),SET
SNC,/C13_FastQuote_Main.jsp?txtBrokerId=IPO&selectPage=1&txtSymbol=SNC,บริษัท เอส เอ็น ซี ฟอร์เมอร์ จำกัด (มหาชน),SET
SNP,/C13_FastQuote_Main.jsp?txtBrokerId=IPO&selectPage=1&txtSymbol=SNP,บริษัท เอส แอนด์ พี ซินดิเคท จำกัด (มหาชน),SET
SOLAR,/C13_FastQuote_Main.jsp?txtBrokerId=IPO&selectPage=1&txtSymbol=SOLAR,บริษัท โซลาร์ตรอน จำกัด (มหาชน),SET
SORKON,/C13_FastQuote_Main.jsp?txtBrokerId=IPO&selectPage=1&txtSymbol=SORKON,บริษัท ส. ขอนแก่นฟู้ดส์ จำกัด (มหาชน),SET
SPACK,/C13_FastQuote_Main.jsp?txtBrokerId=IPO&selectPage=1&txtSymbol=SPACK,บริษัท เอส. แพ็ค แอนด์ พริ้นท์ จำกัด (มหาชน),SET
SPALI,/C13_FastQuote_Main.jsp?txtBrokerId=IPO&selectPage=1&txtSymbol=SPALI,บริษัท ศุภาลัย จำกัด (มหาชน),SET
SPC,/C13_FastQuote_Main.jsp?txtBrokerId=IPO&selectPage=1&txtSymbol=SPC,บริษัท สหพัฒนพิบูล จำกัด (มหาชน),SET
SPCG,/C13_FastQuote_Main.jsp?txtBrokerId=IPO&selectPage=1&txtSymbol=SPCG,บริษัท เอสพีซีจี จำกัด (มหาชน),SET
SPF,/C13_FastQuote_Main.jsp?txtBrokerId=IPO&selectPage=1&txtSymbol=SPF,กองทุนรวมสิทธิการเช่าอสังหาริมทรัพย์สนามบินสมุย,SET
SPG,/C13_FastQuote_Main.jsp?txtBrokerId=IPO&selectPage=1&txtSymbol=SPG,บริษัท สยามภัณฑ์กรุ๊ป จำกัด (มหาชน),SET
SPI,/C13_FastQuote_Main.jsp?txtBrokerId=IPO&selectPage=1&txtSymbol=SPI,บริษัท สหพัฒนาอินเตอร์โฮลดิ้ง จำกัด (มหาชน),SET
SPORT,/C13_FastQuote_Main.jsp?txtBrokerId=IPO&selectPage=1&txtSymbol=SPORT,บริษัท สยามสปอร์ต ซินดิเคท จำกัด (มหาชน),SET
SPPT,/C13_FastQuote_Main.jsp?txtBrokerId=IPO&selectPage=1&txtSymbol=SPPT,บริษัท ซิงเกิ้ล พอยท์ พาร์ท (ประเทศไทย) จำกัด (มหาชน),SET
SPRC,/C13_FastQuote_Main.jsp?txtBrokerId=IPO&selectPage=1&txtSymbol=SPRC,บริษัท สตาร์ ปิโตรเลียม รีไฟน์นิ่ง จำกัด (มหาชน),SET
SQ,/C13_FastQuote_Main.jsp?txtBrokerId=IPO&selectPage=1&txtSymbol=SQ,บริษัท สหกลอิควิปเมนท์ จำกัด (มหาชน),SET
SRICHA,/C13_FastQuote_Main.jsp?txtBrokerId=IPO&selectPage=1&txtSymbol=SRICHA,บริษัท ศรีราชาคอนสตรัคชั่น จำกัด (มหาชน),SET
SRIPANWA,/C13_FastQuote_Main.jsp?txtBrokerId=IPO&selectPage=1&txtSymbol=SRIPANWA,ทรัสต์เพื่อการลงทุนในอสังหาริมทรัพย์โรงแรมศรีพันวา,SET
SSC,/C13_FastQuote_Main.jsp?txtBrokerId=IPO&selectPage=1&txtSymbol=SSC,บริษัท เสริมสุข จำกัด (มหาชน),SET
SSF,/C13_FastQuote_Main.jsp?txtBrokerId=IPO&selectPage=1&txtSymbol=SSF,บริษัท สุรพลฟู้ดส์ จำกัด (มหาชน),SET
SSPF,/C13_FastQuote_Main.jsp?txtBrokerId=IPO&selectPage=1&txtSymbol=SSPF,กองทุนรวมอสังหาริมทรัพย์ศาลาแอทสาทร,SET
SSSC,/C13_FastQuote_Main.jsp?txtBrokerId=IPO&selectPage=1&txtSymbol=SSSC,บริษัท ศูนย์บริการเหล็กสยาม จำกัด (มหาชน),SET
SST,/C13_FastQuote_Main.jsp?txtBrokerId=IPO&selectPage=1&txtSymbol=SST,บริษัท ทรัพย์ศรีไทย จำกัด (มหาชน),SET
SSTPF,/C13_FastQuote_Main.jsp?txtBrokerId=IPO&selectPage=1&txtSymbol=SSTPF,กองทุนรวมอสังหาริมทรัพย์ ทรัพย์ศรีไทย,SET
SSTRT,/C13_FastQuote_Main.jsp?txtBrokerId=IPO&selectPage=1&txtSymbol=SSTRT,ทรัสต์เพื่อการลงทุนในอสังหาริมทรัพย์ทรัพย์ศรีไทย,SET
STA,/C13_FastQuote_Main.jsp?txtBrokerId=IPO&selectPage=1&txtSymbol=STA,บริษัท ศรีตรังแอโกรอินดัสทรี จำกัด (มหาชน),SET
STANLY,/C13_FastQuote_Main.jsp?txtBrokerId=IPO&selectPage=1&txtSymbol=STANLY,บริษัท ไทยสแตนเลย์การไฟฟ้า จำกัด (มหาชน),SET
STEC,/C13_FastQuote_Main.jsp?txtBrokerId=IPO&selectPage=1&txtSymbol=STEC,บริษัท ซิโน-ไทย เอ็นจีเนียริ่งแอนด์คอนสตรัคชั่น จำกัด(มหาชน),SET
STPI,/C13_FastQuote_Main.jsp?txtBrokerId=IPO&selectPage=1&txtSymbol=STPI,บริษัท เอสทีพี แอนด์ ไอ จำกัด (มหาชน),SET
SUC,/C13_FastQuote_Main.jsp?txtBrokerId=IPO&selectPage=1&txtSymbol=SUC,บริษัท สหยูเนี่ยน จำกัด (มหาชน),SET
SUPER,/C13_FastQuote_Main.jsp?txtBrokerId=IPO&selectPage=1&txtSymbol=SUPER,บริษัท ซุปเปอร์บล๊อก จำกัด (มหาชน),SET
SUSCO,/C13_FastQuote_Main.jsp?txtBrokerId=IPO&selectPage=1&txtSymbol=SUSCO,บริษัท ซัสโก้ จำกัด (มหาชน),SET
SUTHA,/C13_FastQuote_Main.jsp?txtBrokerId=IPO&selectPage=1&txtSymbol=SUTHA,บริษัท สุธากัญจน์ จำกัด (มหาชน),SET
SVH,/C13_FastQuote_Main.jsp?txtBrokerId=IPO&selectPage=1&txtSymbol=SVH,บริษัท สมิติเวช จำกัด (มหาชน),SET
SVI,/C13_FastQuote_Main.jsp?txtBrokerId=IPO&selectPage=1&txtSymbol=SVI,บริษัท เอสวีไอ จำกัด (มหาชน),SET
SVOA,/C13_FastQuote_Main.jsp?txtBrokerId=IPO&selectPage=1&txtSymbol=SVOA,บริษัท เอสวีโอเอ จำกัด (มหาชน),SET
SYMC,/C13_FastQuote_Main.jsp?txtBrokerId=IPO&selectPage=1&txtSymbol=SYMC,บริษัท ซิมโฟนี่ คอมมูนิเคชั่น จำกัด (มหาชน),SET
SYNEX,/C13_FastQuote_Main.jsp?txtBrokerId=IPO&selectPage=1&txtSymbol=SYNEX,บริษัท ซินเน็ค (ประเทศไทย) จำกัด (มหาชน),SET
SYNTEC,/C13_FastQuote_Main.jsp?txtBrokerId=IPO&selectPage=1&txtSymbol=SYNTEC,บริษัท ซินเท็ค คอนสตรัคชั่น จำกัด (มหาชน),SET
SALEE,/C13_FastQuote_Main.jsp?txtBrokerId=IPO&selectPage=1&txtSymbol=SALEE,บริษัท สาลี่อุตสาหกรรม จำกัด (มหาชน),MAI
SANKO,/C13_FastQuote_Main.jsp?txtBrokerId=IPO&selectPage=1&txtSymbol=SANKO,บริษัท ซังโกะ ไดคาซติ้ง (ประเทศไทย) จำกัด (มหาชน),MAI
SE,/C13_FastQuote_Main.jsp?txtBrokerId=IPO&selectPage=1&txtSymbol=SE,บริษัท สยามอีสต์ โซลูชั่น จำกัด (มหาชน),MAI
SEAOIL,/C13_FastQuote_Main.jsp?txtBrokerId=IPO&selectPage=1&txtSymbol=SEAOIL,บริษัท ซีออยล์ จำกัด (มหาชน),MAI
SELIC,/C13_FastQuote_Main.jsp?txtBrokerId=IPO&selectPage=1&txtSymbol=SELIC,บริษัท ซีลิค คอร์พ จำกัด (มหาชน),MAI
SGF,/C13_FastQuote_Main.jsp?txtBrokerId=IPO&selectPage=1&txtSymbol=SGF,บริษัท เอสจีเอฟ แคปปิตอล จำกัด (มหาชน),MAI
SIMAT,/C13_FastQuote_Main.jsp?txtBrokerId=IPO&selectPage=1&txtSymbol=SIMAT,บริษัท ไซแมท เทคโนโลยี จำกัด (มหาชน),MAI
SKY,/C13_FastQuote_Main.jsp?txtBrokerId=IPO&selectPage=1&txtSymbol=SKY,บริษัท สกาย ไอซีที จำกัด (มหาชน),MAI
SMART,/C13_FastQuote_Main.jsp?txtBrokerId=IPO&selectPage=1&txtSymbol=SMART,บริษัท สมาร์ทคอนกรีต จำกัด (มหาชน),MAI
SPA,/C13_FastQuote_Main.jsp?txtBrokerId=IPO&selectPage=1&txtSymbol=SPA,บริษัท สยามเวลเนสกรุ๊ป จำกัด (มหาชน),MAI
SPVI,/C13_FastQuote_Main.jsp?txtBrokerId=IPO&selectPage=1&txtSymbol=SPVI,บริษัท เอส พี วี ไอ จำกัด (มหาชน),MAI
SR,/C13_FastQuote_Main.jsp?txtBrokerId=IPO&selectPage=1&txtSymbol=SR,บริษัท สยามราช จำกัด (มหาชน),MAI
SSP,/C13_FastQuote_Main.jsp?txtBrokerId=IPO&selectPage=1&txtSymbol=SSP,บริษัท เสริมสร้าง พาวเวอร์ คอร์ปอเรชั่น จำกัด (มหาชน),MAI
STAR,/C13_FastQuote_Main.jsp?txtBrokerId=IPO&selectPage=1&txtSymbol=STAR,บริษัท สตาร์ ยูนิเวอร์แซล เน็ตเวิร์ค จำกัด (มหาชน),MAI
SWC,/C13_FastQuote_Main.jsp?txtBrokerId=IPO&selectPage=1&txtSymbol=SWC,บริษัท เชอร์วู้ด เคมิคอล จำกัด (มหาชน),MAI
TAE,/C13_FastQuote_Main.jsp?txtBrokerId=IPO&selectPage=1&txtSymbol=TAE,บริษัท ไทย อะโกร เอ็นเนอร์ยี่ จำกัด (มหาชน),SET
TASCO,/C13_FastQuote_Main.jsp?txtBrokerId=IPO&selectPage=1&txtSymbol=TASCO,บริษัท ทิปโก้แอสฟัลท์ จำกัด (มหาชน),SET
TBSP,/C13_FastQuote_Main.jsp?txtBrokerId=IPO&selectPage=1&txtSymbol=TBSP,บริษัท ไทยบริติช ซีเคียวริตี้ พริ้นติ้ง จำกัด (มหาชน),SET
TC,/C13_FastQuote_Main.jsp?txtBrokerId=IPO&selectPage=1&txtSymbol=TC,บริษัท ทรอปิคอลแคนนิ่ง (ประเทศไทย) จำกัด (มหาชน),SET
TCAP,/C13_FastQuote_Main.jsp?txtBrokerId=IPO&selectPage=1&txtSymbol=TCAP,บริษัท ทุนธนชาต จำกัด (มหาชน),SET
TCB,/C13_FastQuote_Main.jsp?txtBrokerId=IPO&selectPage=1&txtSymbol=TCB,บริษัท ไทยคาร์บอนแบล็ค จำกัด (มหาชน),SET
TCC,/C13_FastQuote_Main.jsp?txtBrokerId=IPO&selectPage=1&txtSymbol=TCC,บริษัท ไทย แคปปิตอล คอร์ปอเรชั่น จำกัด (มหาชน),SET
TCCC,/C13_FastQuote_Main.jsp?txtBrokerId=IPO&selectPage=1&txtSymbol=TCCC,บริษัท ไทยเซ็นทรัลเคมี จำกัด (มหาชน),SET
TCJ,/C13_FastQuote_Main.jsp?txtBrokerId=IPO&selectPage=1&txtSymbol=TCJ,บริษัท ที.ซี.เจ.เอเซีย จำกัด (มหาชน),SET
TCMC,/C13_FastQuote_Main.jsp?txtBrokerId=IPO&selectPage=1&txtSymbol=TCMC,บริษัท ทีซีเอ็ม คอร์ปอเรชั่น จำกัด (มหาชน),SET
TCOAT,/C13_FastQuote_Main.jsp?txtBrokerId=IPO&selectPage=1&txtSymbol=TCOAT,บริษัท อุตสาหกรรมผ้าเคลือบพลาสติกไทย จำกัด (มหาชน),SET
TEAM,/C13_FastQuote_Main.jsp?txtBrokerId=IPO&selectPage=1&txtSymbol=TEAM,บริษัท ทีมพรีซิชั่น จำกัด (มหาชน),SET
TFD,/C13_FastQuote_Main.jsp?txtBrokerId=IPO&selectPage=1&txtSymbol=TFD,บริษัท ไทยพัฒนาโรงงานอุตสาหกรรม จำกัด (มหาชน),SET
TFG,/C13_FastQuote_Main.jsp?txtBrokerId=IPO&selectPage=1&txtSymbol=TFG,บริษัท ไทยฟู้ดส์ กรุ๊ป จำกัด (มหาชน),SET
TFI,/C13_FastQuote_Main.jsp?txtBrokerId=IPO&selectPage=1&txtSymbol=TFI,บริษัท ไทยฟิล์มอินดัสตรี่ จำกัด (มหาชน),SET
TFMAMA,/C13_FastQuote_Main.jsp?txtBrokerId=IPO&selectPage=1&txtSymbol=TFMAMA,บริษัท ไทยเพรซิเดนท์ฟูดส์ จำกัด (มหาชน),SET
TFUND,/C13_FastQuote_Main.jsp?txtBrokerId=IPO&selectPage=1&txtSymbol=TFUND,กองทุนรวมอสังหาริมทรัพย์ไทคอน,SET
TGCI,/C13_FastQuote_Main.jsp?txtBrokerId=IPO&selectPage=1&txtSymbol=TGCI,บริษัท ไทย-เยอรมัน เซรามิค อินดัสทรี่ จำกัด (มหาชน),SET
TGPRO,/C13_FastQuote_Main.jsp?txtBrokerId=IPO&selectPage=1&txtSymbol=TGPRO,บริษัท ไทย-เยอรมัน โปรดักส์ จำกัด (มหาชน),SET
TGROWTH,/C13_FastQuote_Main.jsp?txtBrokerId=IPO&selectPage=1&txtSymbol=TGROWTH,กองทุนรวมสิทธิการเช่าอสังหาริมทรัพย์ไทคอน อินดัสเทรียล โกรท,SET
TH,/C13_FastQuote_Main.jsp?txtBrokerId=IPO&selectPage=1&txtSymbol=TH,บริษัท ตงฮั้ว โฮลดิ้ง จำกัด (มหาชน),SET
THAI,/C13_FastQuote_Main.jsp?txtBrokerId=IPO&selectPage=1&txtSymbol=THAI,บริษัท การบินไทย จำกัด (มหาชน),SET
THANI,/C13_FastQuote_Main.jsp?txtBrokerId=IPO&selectPage=1&txtSymbol=THANI,บริษัท ราชธานีลิสซิ่ง จำกัด (มหาชน),SET
THCOM,/C13_FastQuote_Main.jsp?txtBrokerId=IPO&selectPage=1&txtSymbol=THCOM,บริษัท ไทยคม จำกัด (มหาชน),SET
THE,/C13_FastQuote_Main.jsp?txtBrokerId=IPO&selectPage=1&txtSymbol=THE,บริษัท เดอะ สตีล จำกัด (มหาชน),SET
THG,/C13_FastQuote_Main.jsp?txtBrokerId=IPO&selectPage=1&txtSymbol=THG,บริษัท ธนบุรี เฮลท์แคร์ กรุ๊ป จำกัด (มหาชน),SET
THIP,/C13_FastQuote_Main.jsp?txtBrokerId=IPO&selectPage=1&txtSymbol=THIP,บริษัท ทานตะวันอุตสาหกรรม จำกัด (มหาชน),SET
THRE,/C13_FastQuote_Main.jsp?txtBrokerId=IPO&selectPage=1&txtSymbol=THRE,บริษัท ไทยรับประกันภัยต่อ จำกัด (มหาชน),SET
THREL,/C13_FastQuote_Main.jsp?txtBrokerId=IPO&selectPage=1&txtSymbol=THREL,บริษัท ไทยรีประกันชีวิต จำกัด (มหาชน),SET
TIC,/C13_FastQuote_Main.jsp?txtBrokerId=IPO&selectPage=1&txtSymbol=TIC,บริษัท ไทยประกันภัย จำกัด (มหาชน),SET
TICON,/C13_FastQuote_Main.jsp?txtBrokerId=IPO&selectPage=1&txtSymbol=TICON,บริษัท ไทคอน อินดัสเทรียล คอนเน็คชั่น จำกัด (มหาชน),SET
TIF1,/C13_FastQuote_Main.jsp?txtBrokerId=IPO&selectPage=1&txtSymbol=TIF1,กองทุนรวมอสังหาริมทรัพย์ไทยอินดัสเตรียล 1,SET
TIP,/C13_FastQuote_Main.jsp?txtBrokerId=IPO&selectPage=1&txtSymbol=TIP,บริษัท ทิพยประกันภัย จำกัด (มหาชน),SET
TIPCO,/C13_FastQuote_Main.jsp?txtBrokerId=IPO&selectPage=1&txtSymbol=TIPCO,บริษัท ทิปโก้ฟูดส์ จำกัด (มหาชน),SET
TISCO,/C13_FastQuote_Main.jsp?txtBrokerId=IPO&selectPage=1&txtSymbol=TISCO,บริษัท ทิสโก้ไฟแนนเชียลกรุ๊ป จำกัด (มหาชน),SET
TIW,/C13_FastQuote_Main.jsp?txtBrokerId=IPO&selectPage=1&txtSymbol=TIW,บริษัท ไทยแลนด์ไอออนเวิคส์ จำกัด (มหาชน),SET
TK,/C13_FastQuote_Main.jsp?txtBrokerId=IPO&selectPage=1&txtSymbol=TK,บริษัท ฐิติกร จำกัด (มหาชน),SET
TKN,/C13_FastQuote_Main.jsp?txtBrokerId=IPO&selectPage=1&txtSymbol=TKN,บริษัท เถ้าแก่น้อย ฟู๊ดแอนด์มาร์เก็ตติ้ง จำกัด (มหาชน),SET
TKS,/C13_FastQuote_Main.jsp?txtBrokerId=IPO&selectPage=1&txtSymbol=TKS,บริษัท ที.เค.เอส. เทคโนโลยี จำกัด (มหาชน),SET
TKT,/C13_FastQuote_Main.jsp?txtBrokerId=IPO&selectPage=1&txtSymbol=TKT,บริษัท ที.กรุงไทยอุตสาหกรรม จำกัด (มหาชน),SET
TLGF,/C13_FastQuote_Main.jsp?txtBrokerId=IPO&selectPage=1&txtSymbol=TLGF,กองทุนรวมอสังหาริมทรัพย์และสิทธิการเช่าเทสโก้ โลตัส รีเทล โกรท,SET
TLHPF,/C13_FastQuote_Main.jsp?txtBrokerId=IPO&selectPage=1&txtSymbol=TLHPF,กองทุนรวมอสังหาริมทรัพย์ ไทยแลนด์ โฮสพีทาลิตี้,SET
TLOGIS,/C13_FastQuote_Main.jsp?txtBrokerId=IPO&selectPage=1&txtSymbol=TLOGIS,กองทุนรวมอสังหาริมทรัพย์ทีพาร์คโลจิสติคส์,SET
TLUXE,/C13_FastQuote_Main.jsp?txtBrokerId=IPO&selectPage=1&txtSymbol=TLUXE,บริษัท ไทยลักซ์ เอ็นเตอร์ไพรส์ จำกัด (มหาชน),SET
TMB,/C13_FastQuote_Main.jsp?txtBrokerId=IPO&selectPage=1&txtSymbol=TMB,ธนาคารทหารไทย จำกัด (มหาชน),SET
TMD,/C13_FastQuote_Main.jsp?txtBrokerId=IPO&selectPage=1&txtSymbol=TMD,บริษัท อุตสาหกรรมถังโลหะไทย จำกัด (มหาชน),SET
TMT,/C13_FastQuote_Main.jsp?txtBrokerId=IPO&selectPage=1&txtSymbol=TMT,บริษัท ค้าเหล็กไทย จำกัด (มหาชน),SET
TNITY,/C13_FastQuote_Main.jsp?txtBrokerId=IPO&selectPage=1&txtSymbol=TNITY,บริษัท ทรีนีตี้ วัฒนา จำกัด (มหาชน),SET
TNL,/C13_FastQuote_Main.jsp?txtBrokerId=IPO&selectPage=1&txtSymbol=TNL,บริษัท ธนูลักษณ์ จำกัด (มหาชน),SET
TNPC,/C13_FastQuote_Main.jsp?txtBrokerId=IPO&selectPage=1&txtSymbol=TNPC,บริษัท ไทยนามพลาสติกส์ จำกัด (มหาชน),SET
TNPF,/C13_FastQuote_Main.jsp?txtBrokerId=IPO&selectPage=1&txtSymbol=TNPF,กองทุนรวมอสังหาริมทรัพย์และสิทธิการเช่าตรีนิตี้,SET
TNR,/C13_FastQuote_Main.jsp?txtBrokerId=IPO&selectPage=1&txtSymbol=TNR,บริษัท ไทยนิปปอนรับเบอร์อินดัสตรี้ จำกัด (มหาชน),SET
TOA,/C13_FastQuote_Main.jsp?txtBrokerId=IPO&selectPage=1&txtSymbol=TOA,บริษัท ทีโอเอ เพ้นท์ (ประเทศไทย) จำกัด (มหาชน),SET
TOG,/C13_FastQuote_Main.jsp?txtBrokerId=IPO&selectPage=1&txtSymbol=TOG,บริษัท ไทยออพติคอล กรุ๊ป จำกัด (มหาชน),SET
TOP,/C13_FastQuote_Main.jsp?txtBrokerId=IPO&selectPage=1&txtSymbol=TOP,บริษัท ไทยออยล์ จำกัด (มหาชน),SET
TOPP,/C13_FastQuote_Main.jsp?txtBrokerId=IPO&selectPage=1&txtSymbol=TOPP,บริษัท ไทย โอ.พี.พี. จำกัด (มหาชน),SET
TPA,/C13_FastQuote_Main.jsp?txtBrokerId=IPO&selectPage=1&txtSymbol=TPA,บริษัท ไทยโพลีอะคริลิค จำกัด (มหาชน),SET
TPBI,/C13_FastQuote_Main.jsp?txtBrokerId=IPO&selectPage=1&txtSymbol=TPBI,บริษัท ทีพีบีไอ จำกัด (มหาชน),SET
TPCORP,/C13_FastQuote_Main.jsp?txtBrokerId=IPO&selectPage=1&txtSymbol=TPCORP,บริษัท เท็กซ์ไทล์เพรสทีจ จำกัด (มหาชน),SET
TPIPL,/C13_FastQuote_Main.jsp?txtBrokerId=IPO&selectPage=1&txtSymbol=TPIPL,บริษัท ทีพีไอ โพลีน จำกัด (มหาชน),SET
TPIPP,/C13_FastQuote_Main.jsp?txtBrokerId=IPO&selectPage=1&txtSymbol=TPIPP,บริษัท ทีพีไอ โพลีน เพาเวอร์ จำกัด (มหาชน),SET
TPOLY,/C13_FastQuote_Main.jsp?txtBrokerId=IPO&selectPage=1&txtSymbol=TPOLY,บริษัท ไทยโพลีคอนส์ จำกัด (มหาชน),SET
TPP,/C13_FastQuote_Main.jsp?txtBrokerId=IPO&selectPage=1&txtSymbol=TPP,บริษัท ไทยบรรจุภัณฑ์และการพิมพ์ จำกัด (มหาชน),SET
TPRIME,/C13_FastQuote_Main.jsp?txtBrokerId=IPO&selectPage=1&txtSymbol=TPRIME,ทรัสต์เพื่อการลงทุนในอสังหาริมทรัพย์และสิทธิการเช่าไทยแลนด์ ไพร์ม พร็อพเพอร์ตี้,SET
TR,/C13_FastQuote_Main.jsp?txtBrokerId=IPO&selectPage=1&txtSymbol=TR,บริษัท ไทยเรยอน จำกัด (มหาชน),SET
TRC,/C13_FastQuote_Main.jsp?txtBrokerId=IPO&selectPage=1&txtSymbol=TRC,บริษัท ทีอาร์ซี คอนสตรัคชั่น จำกัด (มหาชน),SET
TREIT,/C13_FastQuote_Main.jsp?txtBrokerId=IPO&selectPage=1&txtSymbol=TREIT,ทรัสต์เพื่อการลงทุนในอสังหาริมทรัพย์และสิทธิการเช่าอสังหาริมทรัพย์ไทคอน,SET
TRITN,/C13_FastQuote_Main.jsp?txtBrokerId=IPO&selectPage=1&txtSymbol=TRITN,บริษัท ไทรทัน โฮลดิ้ง จำกัด (มหาชน),SET
TRU,/C13_FastQuote_Main.jsp?txtBrokerId=IPO&selectPage=1&txtSymbol=TRU,บริษัท ไทยรุ่งยูเนียนคาร์ จำกัด (มหาชน),SET
TRUBB,/C13_FastQuote_Main.jsp?txtBrokerId=IPO&selectPage=1&txtSymbol=TRUBB,บริษัท ไทยรับเบอร์ลาเท็คซ์คอร์ปอร์เรชั่น (ประเทศไทย) จำกัด (มหาชน),SET
TRUE,/C13_FastQuote_Main.jsp?txtBrokerId=IPO&selectPage=1&txtSymbol=TRUE,บริษัท ทรู คอร์ปอเรชั่น จำกัด (มหาชน),SET
TSC,/C13_FastQuote_Main.jsp?txtBrokerId=IPO&selectPage=1&txtSymbol=TSC,บริษัท ไทยสตีลเคเบิล จำกัด (มหาชน),SET
TSI,/C13_FastQuote_Main.jsp?txtBrokerId=IPO&selectPage=1&txtSymbol=TSI,บริษัท ไทยเศรษฐกิจประกันภัย จำกัด (มหาชน),SET
TSR,/C13_FastQuote_Main.jsp?txtBrokerId=IPO&selectPage=1&txtSymbol=TSR,บริษัท เธียรสุรัตน์ จำกัด (มหาชน),SET
TSTE,/C13_FastQuote_Main.jsp?txtBrokerId=IPO&selectPage=1&txtSymbol=TSTE,บริษัท ไทยชูการ์ เทอร์มิเนิ้ล จำกัด (มหาชน),SET
TSTH,/C13_FastQuote_Main.jsp?txtBrokerId=IPO&selectPage=1&txtSymbol=TSTH,บริษัท ทาทา สตีล (ประเทศไทย) จำกัด (มหาชน),SET
TTA,/C13_FastQuote_Main.jsp?txtBrokerId=IPO&selectPage=1&txtSymbol=TTA,บริษัท โทรีเซนไทย เอเยนต์ซีส์ จำกัด (มหาชน),SET
TTCL,/C13_FastQuote_Main.jsp?txtBrokerId=IPO&selectPage=1&txtSymbol=TTCL,บริษัท ทีทีซีแอล จำกัด (มหาชน),SET
TTI,/C13_FastQuote_Main.jsp?txtBrokerId=IPO&selectPage=1&txtSymbol=TTI,บริษัท โรงงานผ้าไทย จำกัด (มหาชน),SET
TTLPF,/C13_FastQuote_Main.jsp?txtBrokerId=IPO&selectPage=1&txtSymbol=TTLPF,กองทุนรวมสิทธิการเช่าอสังหาริมทรัพย์ตลาดไท,SET
TTTM,/C13_FastQuote_Main.jsp?txtBrokerId=IPO&selectPage=1&txtSymbol=TTTM,บริษัท ไทยโทเรเท็กซ์ไทล์มิลลส์ จำกัด (มหาชน),SET
TTW,/C13_FastQuote_Main.jsp?txtBrokerId=IPO&selectPage=1&txtSymbol=TTW,บริษัท ทีทีดับบลิว จำกัด (มหาชน),SET
TU,/C13_FastQuote_Main.jsp?txtBrokerId=IPO&selectPage=1&txtSymbol=TU,บริษัท ไทยยูเนี่ยน กรุ๊ป จำกัด (มหาชน),SET
TU-PF,/C13_FastQuote_Main.jsp?txtBrokerId=IPO&selectPage=1&txtSymbol=TU-PF,กองทุนรวมสิทธิการเช่าอสังหาริมทรัพย์ ที ยู โดม เรสซิเดนท์เชียล คอมเพล็กซ์,SET
TVI,/C13_FastQuote_Main.jsp?txtBrokerId=IPO&selectPage=1&txtSymbol=TVI,บริษัท ประกันภัยไทยวิวัฒน์ จำกัด (มหาชน),SET
TVO,/C13_FastQuote_Main.jsp?txtBrokerId=IPO&selectPage=1&txtSymbol=TVO,บริษัท น้ำมันพืชไทย จำกัด (มหาชน),SET
TWP,/C13_FastQuote_Main.jsp?txtBrokerId=IPO&selectPage=1&txtSymbol=TWP,บริษัท ไทยไวร์โพรดัคท์ จำกัด (มหาชน),SET
TWPC,/C13_FastQuote_Main.jsp?txtBrokerId=IPO&selectPage=1&txtSymbol=TWPC,บริษัท ไทยวา จำกัด (มหาชน),SET
TWZ,/C13_FastQuote_Main.jsp?txtBrokerId=IPO&selectPage=1&txtSymbol=TWZ,บริษัท ทีดับบลิวแซด คอร์ปอเรชั่น จำกัด (มหาชน),SET
TYCN,/C13_FastQuote_Main.jsp?txtBrokerId=IPO&selectPage=1&txtSymbol=TYCN,บริษัทไทยคูน เวิลด์ไวด์ กรุ๊ป (ประเทศไทย) จำกัด (มหาชน),SET
T,/C13_FastQuote_Main.jsp?txtBrokerId=IPO&selectPage=1&txtSymbol=T,บริษัท ที เอ็นจิเนียร์ริ่ง คอร์เปอร์เรชั่น จำกัด (มหาชน),MAI
TACC,/C13_FastQuote_Main.jsp?txtBrokerId=IPO&selectPage=1&txtSymbol=TACC,บริษัท ที.เอ.ซี. คอนซูเมอร์ จำกัด (มหาชน),MAI
TAKUNI,/C13_FastQuote_Main.jsp?txtBrokerId=IPO&selectPage=1&txtSymbol=TAKUNI,บริษัท ทาคูนิ กรุ๊ป จำกัด (มหาชน),MAI
TAPAC,/C13_FastQuote_Main.jsp?txtBrokerId=IPO&selectPage=1&txtSymbol=TAPAC,บริษัท ทาพาโก้ จำกัด (มหาชน),MAI
THANA,/C13_FastQuote_Main.jsp?txtBrokerId=IPO&selectPage=1&txtSymbol=THANA,บริษัท ธนาสิริ กรุ๊ป จำกัด (มหาชน),MAI
THMUI,/C13_FastQuote_Main.jsp?txtBrokerId=IPO&selectPage=1&txtSymbol=THMUI,บริษัท ไทยมุ้ย คอร์ปอเรชั่น จำกัด (มหาชน),MAI
TITLE,/C13_FastQuote_Main.jsp?txtBrokerId=IPO&selectPage=1&txtSymbol=TITLE,บริษัท ร่มโพธิ์ พร็อพเพอร์ตี้ จำกัด (มหาชน),MAI
TM,/C13_FastQuote_Main.jsp?txtBrokerId=IPO&selectPage=1&txtSymbol=TM,บริษัท เทคโนเมดิคัล จำกัด (มหาชน),MAI
TMC,/C13_FastQuote_Main.jsp?txtBrokerId=IPO&selectPage=1&txtSymbol=TMC,บริษัท ที.เอ็ม.ซี. อุตสาหกรรม จำกัด (มหาชน),MAI
TMI,/C13_FastQuote_Main.jsp?txtBrokerId=IPO&selectPage=1&txtSymbol=TMI,บริษัท ธีระมงคล อุตสาหกรรม จำกัด (มหาชน),MAI
TMILL,/C13_FastQuote_Main.jsp?txtBrokerId=IPO&selectPage=1&txtSymbol=TMILL,บริษัท ที เอส ฟลาวมิลล์ จำกัด (มหาชน),MAI
TMW,/C13_FastQuote_Main.jsp?txtBrokerId=IPO&selectPage=1&txtSymbol=TMW,บริษัท ไทยมิตซูวา จำกัด (มหาชน),MAI
TNDT,/C13_FastQuote_Main.jsp?txtBrokerId=IPO&selectPage=1&txtSymbol=TNDT,บริษัท ไทย เอ็น ดี ที จำกัด (มหาชน),MAI
TNH,/C13_FastQuote_Main.jsp?txtBrokerId=IPO&selectPage=1&txtSymbol=TNH,บริษัท โรงพยาบาลไทยนครินทร์ จำกัด (มหาชน),MAI
TNP,/C13_FastQuote_Main.jsp?txtBrokerId=IPO&selectPage=1&txtSymbol=TNP,บริษัท ธนพิริยะ จำกัด (มหาชน),MAI
TPAC,/C13_FastQuote_Main.jsp?txtBrokerId=IPO&selectPage=1&txtSymbol=TPAC,บริษัท พลาสติค และหีบห่อไทย จำกัด (มหาชน),MAI
TPCH,/C13_FastQuote_Main.jsp?txtBrokerId=IPO&selectPage=1&txtSymbol=TPCH,บริษัท ทีพีซี เพาเวอร์โฮลดิ้ง จำกัด (มหาชน),MAI
TRT,/C13_FastQuote_Main.jsp?txtBrokerId=IPO&selectPage=1&txtSymbol=TRT,บริษัท ถิรไทย จำกัด (มหาชน),MAI
TSE,/C13_FastQuote_Main.jsp?txtBrokerId=IPO&selectPage=1&txtSymbol=TSE,บริษัท ไทย โซล่าร์ เอ็นเนอร์ยี่ จำกัด (มหาชน),MAI
TSF,/C13_FastQuote_Main.jsp?txtBrokerId=IPO&selectPage=1&txtSymbol=TSF,บริษัท ทรีซิกตี้ไฟว์ จำกัด (มหาชน),MAI
TVD,/C13_FastQuote_Main.jsp?txtBrokerId=IPO&selectPage=1&txtSymbol=TVD,บริษัท ทีวี ไดเร็ค จำกัด (มหาชน),MAI
TVT,/C13_FastQuote_Main.jsp?txtBrokerId=IPO&selectPage=1&txtSymbol=TVT,บริษัท ทีวี ธันเดอร์ จำกัด (มหาชน),MAI
U,/C13_FastQuote_Main.jsp?txtBrokerId=IPO&selectPage=1&txtSymbol=U,บริษัท ยู ซิตี้ จำกัด (มหาชน),SET
UMI,/C13_FastQuote_Main.jsp?txtBrokerId=IPO&selectPage=1&txtSymbol=UMI,บริษัท สหโมเสคอุตสาหกรรม จำกัด (มหาชน),SET
UNIQ,/C13_FastQuote_Main.jsp?txtBrokerId=IPO&selectPage=1&txtSymbol=UNIQ,บริษัท ยูนิค เอ็นจิเนียริ่ง แอนด์ คอนสตรัคชั่น จำกัด (มหาชน),SET
UOBKH,/C13_FastQuote_Main.jsp?txtBrokerId=IPO&selectPage=1&txtSymbol=UOBKH,บริษัทหลักทรัพย์ ยูโอบี เคย์เฮียน (ประเทศไทย) จำกัด (มหาชน),SET
UP,/C13_FastQuote_Main.jsp?txtBrokerId=IPO&selectPage=1&txtSymbol=UP,บริษัท ยูเนี่ยนพลาสติก จำกัด (มหาชน),SET
UPF,/C13_FastQuote_Main.jsp?txtBrokerId=IPO&selectPage=1&txtSymbol=UPF,บริษัท ยูเนี่ยนไพโอเนียร์ จำกัด (มหาชน),SET
UPOIC,/C13_FastQuote_Main.jsp?txtBrokerId=IPO&selectPage=1&txtSymbol=UPOIC,บริษัท สหอุตสาหกรรมน้ำมันปาล์ม จำกัด (มหาชน),SET
URBNPF,/C13_FastQuote_Main.jsp?txtBrokerId=IPO&selectPage=1&txtSymbol=URBNPF,กองทุนรวมสิทธิการเช่าอสังหาริมทรัพย์เออร์บานา,SET
UT,/C13_FastQuote_Main.jsp?txtBrokerId=IPO&selectPage=1&txtSymbol=UT,บริษัท ยูเนี่ยนอุตสาหกรรมสิ่งทอ จำกัด (มหาชน),SET
UTP,/C13_FastQuote_Main.jsp?txtBrokerId=IPO&selectPage=1&txtSymbol=UTP,บริษัท ยูไนเต็ด เปเปอร์ จำกัด (มหาชน),SET
UV,/C13_FastQuote_Main.jsp?txtBrokerId=IPO&selectPage=1&txtSymbol=UV,บริษัท ยูนิเวนเจอร์ จำกัด (มหาชน),SET
UVAN,/C13_FastQuote_Main.jsp?txtBrokerId=IPO&selectPage=1&txtSymbol=UVAN,บริษัท ยูนิวานิชน้ำมันปาล์ม จำกัด (มหาชน),SET
UAC,/C13_FastQuote_Main.jsp?txtBrokerId=IPO&selectPage=1&txtSymbol=UAC,บริษัท ยูเอซี โกลบอล จำกัด (มหาชน),MAI
UBIS,/C13_FastQuote_Main.jsp?txtBrokerId=IPO&selectPage=1&txtSymbol=UBIS,บริษัท ยูบิส (เอเชีย) จำกัด (มหาชน),MAI
UEC,/C13_FastQuote_Main.jsp?txtBrokerId=IPO&selectPage=1&txtSymbol=UEC,บริษัท ยูนิมิต เอนจิเนียริ่ง จำกัด (มหาชน),MAI
UKEM,/C13_FastQuote_Main.jsp?txtBrokerId=IPO&selectPage=1&txtSymbol=UKEM,บริษัท ยูเนี่ยน ปิโตรเคมีคอล จำกัด (มหาชน),MAI
UMS,/C13_FastQuote_Main.jsp?txtBrokerId=IPO&selectPage=1&txtSymbol=UMS,บริษัท ยูนิค ไมนิ่ง เซอร์วิสเซส จำกัด (มหาชน),MAI
UPA,/C13_FastQuote_Main.jsp?txtBrokerId=IPO&selectPage=1&txtSymbol=UPA,บริษัท ยูไนเต็ด เพาเวอร์ ออฟ เอเชีย จำกัด (มหาชน),MAI
UREKA,/C13_FastQuote_Main.jsp?txtBrokerId=IPO&selectPage=1&txtSymbol=UREKA,บริษัท ยูเรกา ดีไซน์ จำกัด (มหาชน),MAI
UWC,/C13_FastQuote_Main.jsp?txtBrokerId=IPO&selectPage=1&txtSymbol=UWC,บริษัท เอื้อวิทยา จำกัด (มหาชน),MAI
VARO,/C13_FastQuote_Main.jsp?txtBrokerId=IPO&selectPage=1&txtSymbol=VARO,บริษัท วโรปกรณ์ จำกัด (มหาชน),SET
VGI,/C13_FastQuote_Main.jsp?txtBrokerId=IPO&selectPage=1&txtSymbol=VGI,บริษัท วี จี ไอ โกลบอล มีเดีย จำกัด (มหาชน),SET
VIBHA,/C13_FastQuote_Main.jsp?txtBrokerId=IPO&selectPage=1&txtSymbol=VIBHA,บริษัท โรงพยาบาลวิภาวดี จำกัด (มหาชน),SET
VIH,/C13_FastQuote_Main.jsp?txtBrokerId=IPO&selectPage=1&txtSymbol=VIH,บริษัท ศรีวิชัยเวชวิวัฒน์ จำกัด (มหาชน),SET
VNG,/C13_FastQuote_Main.jsp?txtBrokerId=IPO&selectPage=1&txtSymbol=VNG,บริษัท วนชัย กรุ๊ป จำกัด (มหาชน),SET
VNT,/C13_FastQuote_Main.jsp?txtBrokerId=IPO&selectPage=1&txtSymbol=VNT,บริษัท วีนิไทย จำกัด (มหาชน),SET
VPO,/C13_FastQuote_Main.jsp?txtBrokerId=IPO&selectPage=1&txtSymbol=VPO,บริษัท วิจิตรภัณฑ์ปาล์มออยล์ จำกัด (มหาชน),SET
VCOM,/C13_FastQuote_Main.jsp?txtBrokerId=IPO&selectPage=1&txtSymbol=VCOM,บริษัท วินท์คอม เทคโนโลยี จำกัด (มหาชน),MAI
VTE,/C13_FastQuote_Main.jsp?txtBrokerId=IPO&selectPage=1&txtSymbol=VTE,บริษัท วินเทจ วิศวกรรม จำกัด (มหาชน),MAI
XO,/C13_FastQuote_Main.jsp?txtBrokerId=IPO&selectPage=1&txtSymbol=XO,บริษัท เอ็กโซติค ฟู้ด จำกัด (มหาชน),MAI
WACOAL,/C13_FastQuote_Main.jsp?txtBrokerId=IPO&selectPage=1&txtSymbol=WACOAL,บริษัท ไทยวาโก้ จำกัด (มหาชน),SET
WAVE,/C13_FastQuote_Main.jsp?txtBrokerId=IPO&selectPage=1&txtSymbol=WAVE,บริษัท เวฟ เอ็นเตอร์เทนเมนท์ จำกัด (มหาชน),SET
WG,/C13_FastQuote_Main.jsp?txtBrokerId=IPO&selectPage=1&txtSymbol=WG,บริษัท ไว้ท์กรุ๊ป จำกัด (มหาชน),SET
WHA,/C13_FastQuote_Main.jsp?txtBrokerId=IPO&selectPage=1&txtSymbol=WHA,บริษัท ดับบลิวเอชเอ คอร์ปอเรชั่น จำกัด (มหาชน),SET
WHABT,/C13_FastQuote_Main.jsp?txtBrokerId=IPO&selectPage=1&txtSymbol=WHABT,ทรัสต์เพื่อการลงทุนในอสังหาริมทรัพย์และสิทธิการเช่าดับบลิวเอชเอ บิสซิเนส คอมเพล็กซ์,SET
WHART,/C13_FastQuote_Main.jsp?txtBrokerId=IPO&selectPage=1&txtSymbol=WHART,ทรัสต์เพื่อการลงทุนในอสังหาริมทรัพย์และสิทธิการเช่าดับบลิวเอชเอ พรีเมี่ยม โกรท,SET
WHAUP,/C13_FastQuote_Main.jsp?txtBrokerId=IPO&selectPage=1&txtSymbol=WHAUP,บริษัท ดับบลิวเอชเอ ยูทิลิตี้ส์ แอนด์ พาวเวอร์ จำกัด (มหาชน),SET
WICE,/C13_FastQuote_Main.jsp?txtBrokerId=IPO&selectPage=1&txtSymbol=WICE,บริษัท ไวส์ โลจิสติกส์ จำกัด (มหาชน),SET
WIIK,/C13_FastQuote_Main.jsp?txtBrokerId=IPO&selectPage=1&txtSymbol=WIIK,บริษัทวิค แอนด์ ฮุคลันด์ จำกัด (มหาชน),SET
WIN,/C13_FastQuote_Main.jsp?txtBrokerId=IPO&selectPage=1&txtSymbol=WIN,บริษัท สวนอุตสาหกรรม วินโคสท์ จำกัด (มหาชน),SET
WORK,/C13_FastQuote_Main.jsp?txtBrokerId=IPO&selectPage=1&txtSymbol=WORK,บริษัท เวิร์คพอยท์ เอ็นเทอร์เทนเมนท์ จำกัด (มหาชน),SET
WPH,/C13_FastQuote_Main.jsp?txtBrokerId=IPO&selectPage=1&txtSymbol=WPH,บริษัท โรงพยาบาลวัฒนแพทย์ ตรัง จำกัด (มหาชน),SET
WINNER,/C13_FastQuote_Main.jsp?txtBrokerId=IPO&selectPage=1&txtSymbol=WINNER,บริษัท วินเนอร์กรุ๊ป เอ็นเตอร์ไพรซ์ จำกัด (มหาชน),MAI
YUASA,/C13_FastQuote_Main.jsp?txtBrokerId=IPO&selectPage=1&txtSymbol=YUASA,บริษัท ยัวซ่าแบตเตอรี่ ประเทศไทย จำกัด (มหาชน),MAI
ZMICO,/C13_FastQuote_Main.jsp?txtBrokerId=IPO&selectPage=1&txtSymbol=ZMICO,บริษัทหลักทรัพย์ ซีมิโก้ จำกัด (มหาชน),SET
ZIGA,/C13_FastQuote_Main.jsp?txtBrokerId=IPO&selectPage=1&txtSymbol=ZIGA,บริษัท ซิก้า อินโนเวชั่น จำกัด (มหาชน),MAI
